NSHE ID,Time In,Time Out,Gender,Age
9000224185,2020-08-25 13:13:49,2020-08-25 15:12:00,Male,20
9002158728,2020-09-06 13:45:11,2020-09-06 15:28:31,Female,39
9002158728,2020-09-17 17:47:42,2020-09-17 18:15:40,Female,39
9002158728,2020-08-31 10:04:12,2020-08-31 11:30:32,Male,31
9002158728,2020-08-26 14:54:40,2020-08-26 17:43:21,Male,40
9002588820,2020-09-13 18:20:19,2020-09-13 19:06:21,Female,27
9002823249,2020-09-15 17:28:10,2020-09-15 19:12:55,Male,29
9002823249,2020-09-18 16:33:49,2020-09-18 19:25:56,Female,19
9004972630,2020-09-04 13:47:08,2020-09-04 14:32:22,Male,18
9005359887,2020-08-24 12:31:13,2020-08-24 13:00:51,Male,37
9006046755,2020-09-19 13:43:04,2020-09-19 16:06:59,Female,19
9006383078,2020-09-06 18:31:31,2020-09-06 19:29:48,Female,28
9006452446,2020-08-31 11:08:55,2020-08-31 13:43:59,Female,18
9007315217,2020-08-27 09:08:23,2020-08-27 11:04:12,Male,24
9007512271,2020-09-13 16:35:45,2020-09-13 19:25:12,Female,21
9007525427,2020-09-10 16:56:04,2020-09-10 17:53:15,Female,28
9007617896,2020-08-26 17:13:46,2020-08-26 18:38:15,Female,38
9007617896,2020-09-06 14:55:49,2020-09-06 16:07:10,Male,27
9007695506,2020-08-24 09:37:33,2020-08-24 10:29:48,Male,37
9007695506,2020-09-22 14:48:30,2020-09-22 16:54:57,Female,20
9007723859,2020-09-22 10:36:24,2020-09-22 10:44:52,Male,21
9007726771,2020-09-06 09:02:00,2020-09-06 10:47:31,Male,26
9007857304,2020-09-12 16:41:05,2020-09-12 16:51:08,Female,19
9007920068,2020-09-03 16:10:40,2020-09-03 17:57:57,Female,39
9007931209,2020-08-25 17:06:04,2020-08-25 18:07:28,Male,23
9008025069,2020-08-28 08:33:57,2020-08-28 09:26:12,Female,39
9008210189,2020-09-05 09:45:00,2020-09-05 10:27:42,Male,33
9008242962,2020-09-17 10:46:05,2020-09-17 10:58:40,Male,27
9008380203,2020-08-24 16:31:20,2020-08-24 19:27:09,Female,30
9008388419,2020-09-09 09:25:39,2020-09-09 10:11:34,Male,30
9008388419,2020-09-07 17:52:32,2020-09-07 19:58:47,Male,37
9008416928,2020-09-14 17:08:50,2020-09-14 17:52:07,Male,20
9008416928,2020-09-13 17:46:28,2020-09-13 18:14:50,Male,23
9008416928,2020-09-07 16:59:53,2020-09-07 19:13:05,Female,39
9008416928,2020-09-19 15:06:37,2020-09-19 15:28:05,Male,33
9008524425,2020-09-10 09:35:31,2020-09-10 10:05:48,Female,37
9008814884,2020-09-08 14:47:53,2020-09-08 16:20:54,Male,28
9008814884,2020-09-04 08:29:39,2020-09-04 09:29:01,Female,35
9009389692,2020-09-01 14:59:48,2020-09-01 17:47:26,Female,27
9010017280,2020-08-25 15:01:14,2020-08-25 17:28:05,Male,36
9010017280,2020-09-14 12:18:30,2020-09-14 13:14:33,Female,35
9010643581,2020-08-25 19:05:56,2020-08-25 19:55:41,Male,30
9010643581,2020-09-19 15:13:42,2020-09-19 18:11:33,Female,32
9010643581,2020-09-22 14:41:16,2020-09-22 16:39:19,Female,19
9010990031,2020-08-30 08:58:39,2020-08-30 09:54:38,Male,32
9011265020,2020-09-18 13:44:09,2020-09-18 14:23:54,Male,30
9011401117,2020-09-20 18:13:24,2020-09-20 19:10:35,Female,29
9011405966,2020-09-05 08:19:05,2020-09-05 10:09:05,Female,33
9011405966,2020-09-18 09:11:45,2020-09-18 10:25:50,Male,28
9011547588,2020-08-24 15:27:19,2020-08-24 18:21:21,Female,33
9011799073,2020-08-27 16:42:29,2020-08-27 18:57:23,Male,31
9011859445,2020-09-12 08:56:01,2020-09-12 10:40:39,Female,18
9011859601,2020-09-10 16:46:55,2020-09-10 19:26:44,Male,25
9011990628,2020-09-11 10:41:03,2020-09-11 12:36:46,Female,38
9012078612,2020-08-26 17:40:37,2020-08-26 18:45:28,Female,24
9012160304,2020-09-12 12:00:51,2020-09-12 14:35:25,Female,40
9012350286,2020-09-24 13:40:56,2020-09-24 15:34:53,Female,27
9012386192,2020-08-30 13:44:35,2020-08-30 15:31:30,Female,27
9012403443,2020-09-21 16:35:05,2020-09-21 16:37:37,Male,39
9012437061,2020-09-12 16:35:59,2020-09-12 18:39:40,Male,37
9012437061,2020-08-26 12:34:43,2020-08-26 13:14:18,Female,38
9012580464,2020-09-06 10:23:47,2020-09-06 10:59:26,Female,28
9012621284,2020-09-19 14:55:19,2020-09-19 15:05:37,Male,23
9012621284,2020-08-27 19:09:42,2020-08-27 19:25:30,Female,31
9012749490,2020-09-24 08:30:22,2020-09-24 10:13:02,Female,27
9012813970,2020-09-20 12:38:09,2020-09-20 15:15:36,Male,25
9012864124,2020-09-07 16:36:13,2020-09-07 19:32:34,Male,34
9012895831,2020-09-22 08:52:13,2020-09-22 11:21:31,Female,30
9012916150,2020-09-04 08:10:20,2020-09-04 08:59:43,Male,25
9013018343,2020-09-04 14:44:11,2020-09-04 17:24:08,Female,20
9013043407,2020-09-03 15:36:51,2020-09-03 15:50:51,Male,40
9013072995,2020-09-21 14:20:57,2020-09-21 14:25:49,Female,36
9013074100,2020-08-26 14:16:07,2020-08-26 16:26:38,Male,24
9013136370,2020-09-21 16:08:54,2020-09-21 18:10:40,Male,26
9013137397,2020-08-29 13:02:02,2020-08-29 15:06:08,Male,32
9013137397,2020-08-31 11:22:05,2020-08-31 13:37:03,Female,36
9013236379,2020-08-30 10:38:31,2020-08-30 11:39:06,Female,40
9013311246,2020-09-20 13:49:22,2020-09-20 13:58:27,Female,40
9013315705,2020-09-12 12:55:21,2020-09-12 14:08:20,Male,18
9013348179,2020-09-16 15:04:29,2020-09-16 16:23:43,Male,39
9013360763,2020-09-07 17:25:14,2020-09-07 19:51:36,Female,33
9013360763,2020-09-06 11:05:01,2020-09-06 12:30:32,Male,18
9014303627,2020-09-12 09:17:29,2020-09-12 09:17:30,Male,24
9014327131,2020-09-16 15:41:59,2020-09-16 18:28:32,Male,26
9014332318,2020-09-24 18:49:26,2020-09-24 19:14:57,Female,38
9014353053,2020-08-25 14:31:25,2020-08-25 14:49:19,Female,38
9000099333,2020-08-29 12:56:29,2020-08-29 13:34:10,Male,39
9000140596,2020-09-06 13:25:49,2020-09-06 13:28:37,Male,26
9000140596,2020-09-08 10:34:17,2020-09-08 12:36:16,Male,34
9000279020,2020-09-06 15:02:52,2020-09-06 15:08:05,Male,23
9000324949,2020-09-15 14:09:37,2020-09-15 15:17:02,Male,33
9000324949,2020-08-28 13:57:31,2020-08-28 14:43:25,Female,20
9000357750,2020-09-23 14:54:42,2020-09-23 16:02:22,Female,18
9000396204,2020-09-15 13:04:48,2020-09-15 15:15:55,Female,40
9000429068,2020-09-02 13:13:59,2020-09-02 14:19:26,Female,28
9000478014,2020-08-24 16:42:30,2020-08-24 18:42:25,Male,35
9000575790,2020-08-27 13:23:18,2020-08-27 14:36:28,Female,23
9000575790,2020-09-09 09:36:25,2020-09-09 10:54:51,Female,28
9000613217,2020-09-14 12:19:48,2020-09-14 15:01:14,Male,29
9000629025,2020-09-07 11:16:20,2020-09-07 14:00:16,Female,26
9000631118,2020-08-30 13:17:50,2020-08-30 14:24:26,Female,24
9000703555,2020-09-06 11:31:38,2020-09-06 13:30:02,Female,34
9000719246,2020-09-15 12:50:56,2020-09-15 13:19:06,Male,32
9000734521,2020-09-21 15:28:32,2020-09-21 17:40:14,Male,23
9000851196,2020-08-31 16:19:46,2020-08-31 18:57:23,Male,21
9000858658,2020-09-11 14:02:23,2020-09-11 16:15:42,Male,27
9000866094,2020-09-24 18:24:04,2020-09-24 18:39:17,Male,30
9000868213,2020-09-18 10:50:22,2020-09-18 12:33:17,Male,32
9000868213,2020-08-24 13:04:16,2020-08-24 14:19:47,Female,32
9000946018,2020-09-12 09:51:14,2020-09-12 09:55:25,Female,20
9000955625,2020-09-02 08:48:14,2020-09-02 11:44:11,Female,24
9000974254,2020-08-25 19:04:44,2020-08-25 19:56:56,Female,38
9000977738,2020-09-02 11:06:42,2020-09-02 13:33:43,Female,30
9001020092,2020-09-20 16:27:25,2020-09-20 16:49:55,Male,38
9001020092,2020-09-02 10:22:00,2020-09-02 11:35:14,Male,23
9001020092,2020-09-23 16:40:35,2020-09-23 17:57:57,Male,31
9001021106,2020-08-31 13:51:52,2020-08-31 15:29:34,Female,29
9001075173,2020-08-29 11:06:58,2020-08-29 12:38:05,Male,21
9001088057,2020-09-18 17:23:15,2020-09-18 18:26:05,Female,23
9001141865,2020-09-03 13:38:56,2020-09-03 13:44:23,Female,27
9001141865,2020-09-10 13:50:36,2020-09-10 15:17:29,Female,19
9001148690,2020-09-11 12:09:09,2020-09-11 12:57:42,Male,26
9001149002,2020-09-10 11:57:16,2020-09-10 14:36:42,Female,20
9001149002,2020-09-07 11:02:41,2020-09-07 12:04:05,Male,34
9001149990,2020-09-19 10:15:20,2020-09-19 10:57:27,Male,31
9001151641,2020-09-05 10:26:40,2020-09-05 11:04:42,Female,29
9001152759,2020-09-17 16:23:17,2020-09-17 17:41:48,Female,26
9001160221,2020-08-30 11:29:22,2020-08-30 13:56:20,Male,36
9001163107,2020-09-09 11:47:37,2020-09-09 14:03:28,Male,30
9001181372,2020-09-18 12:06:46,2020-09-18 14:25:42,Female,21
9001182100,2020-09-01 12:01:41,2020-09-01 13:19:04,Female,34
9001182100,2020-09-17 14:25:07,2020-09-17 16:18:28,Female,25
9001184674,2020-09-06 08:36:57,2020-09-06 09:30:06,Female,18
9001206657,2020-09-11 08:07:20,2020-09-11 11:00:47,Male,22
9001226573,2020-08-30 15:41:21,2020-08-30 18:04:35,Male,25
9001226573,2020-09-03 17:58:46,2020-09-03 18:47:26,Female,26
9001256369,2020-09-12 14:30:28,2020-09-12 15:21:53,Female,22
9001259372,2020-08-26 08:39:31,2020-08-26 10:12:06,Male,18
9001263337,2020-08-27 16:18:29,2020-08-27 17:29:09,Female,40
9001292535,2020-09-15 09:27:12,2020-09-15 09:36:58,Female,28
9001293900,2020-09-19 12:46:11,2020-09-19 12:46:14,Male,32
9001293900,2020-09-02 15:02:47,2020-09-02 17:02:15,Female,34
9001295252,2020-09-03 09:59:52,2020-09-03 10:17:09,Female,28
9001312399,2020-09-06 13:12:15,2020-09-06 14:40:14,Male,18
9001325919,2020-08-30 17:51:35,2020-08-30 18:59:09,Female,30
9001354753,2020-08-25 16:51:35,2020-08-25 18:17:27,Female,38
9001354753,2020-09-03 16:35:50,2020-09-03 17:01:48,Male,28
9001359615,2020-08-31 09:18:12,2020-08-31 10:58:43,Female,36
9001359615,2020-08-24 18:52:49,2020-08-24 18:56:49,Female,21
9001366960,2020-09-15 18:01:18,2020-09-15 18:39:27,Female,27
9001374591,2020-08-28 16:56:54,2020-08-28 19:27:11,Male,23
9001380974,2020-09-13 17:16:47,2020-09-13 18:28:24,Female,27
9001385511,2020-08-29 14:08:19,2020-08-29 16:55:36,Male,33
9001386512,2020-08-26 12:12:20,2020-08-26 13:56:51,Female,23
9001386512,2020-08-24 14:20:13,2020-08-24 16:36:23,Male,37
9001408495,2020-08-30 14:47:32,2020-08-30 15:02:19,Male,24
9001408495,2020-08-30 13:36:54,2020-08-30 14:15:08,Male,37
9001408495,2020-09-20 16:29:39,2020-09-20 17:36:22,Female,31
9001428476,2020-09-21 17:18:53,2020-09-21 17:28:36,Female,39
9001437667,2020-09-08 12:02:07,2020-09-08 13:04:19,Male,36
9001481698,2020-08-25 11:09:26,2020-08-25 11:17:48,Female,34
9001491201,2020-09-16 18:16:40,2020-09-16 19:54:07,Male,23
9001540538,2020-09-24 16:15:09,2020-09-24 16:40:43,Male,33
9001547207,2020-08-31 14:17:48,2020-08-31 15:40:23,Female,38
9001547207,2020-09-21 15:26:55,2020-09-21 17:01:57,Male,27
9001547207,2020-08-30 10:14:51,2020-08-30 12:53:35,Male,36
9001566200,2020-09-17 12:47:58,2020-09-17 15:44:47,Female,25
9001566200,2020-08-24 12:48:54,2020-08-24 13:51:01,Female,23
9001605382,2020-09-08 13:25:05,2020-09-08 15:06:11,Male,37
9001651532,2020-09-18 16:33:36,2020-09-18 18:05:53,Male,20
9001667093,2020-09-18 17:48:47,2020-09-18 19:41:52,Female,27
9001667821,2020-09-21 08:20:42,2020-09-21 10:04:01,Male,36
9001684422,2020-09-01 08:53:47,2020-09-01 09:33:30,Female,32
9001717182,2020-09-18 15:38:10,2020-09-18 17:17:52,Female,31
9001730143,2020-09-09 09:35:39,2020-09-09 11:17:02,Female,31
9001763540,2020-09-08 08:53:16,2020-09-08 09:49:24,Male,31
9001771665,2020-09-15 16:01:33,2020-09-15 16:36:03,Female,35
9001898662,2020-08-30 17:13:10,2020-08-30 18:40:35,Female,37
9001898662,2020-09-08 18:10:42,2020-09-08 19:27:51,Female,29
9001898662,2020-09-06 09:31:11,2020-09-06 11:42:05,Male,32
9000189475,2020-09-04 15:10:06,2020-09-04 16:07:53,Female,19
9000235469,2020-08-26 12:33:34,2020-08-26 15:05:38,Female,40
9000489372,2020-09-22 15:07:00,2020-09-22 16:39:39,Female,35
9000489372,2020-09-19 09:01:29,2020-09-19 09:13:29,Male,33
9000628004,2020-08-27 14:52:50,2020-08-27 16:31:43,Male,35
9000628004,2020-08-24 13:14:43,2020-08-24 15:14:44,Female,28
9000663065,2020-09-22 18:45:10,2020-09-22 18:52:36,Female,29
9000794547,2020-09-04 13:22:33,2020-09-04 16:18:06,Male,19
9000794547,2020-09-22 09:25:30,2020-09-22 12:14:23,Male,23
9000794547,2020-08-24 08:24:48,2020-08-24 10:57:04,Female,19
9000842335,2020-09-15 09:10:10,2020-09-15 09:51:48,Female,29
9000989183,2020-08-29 12:24:39,2020-08-29 13:52:50,Female,37
9001004978,2020-09-13 18:15:02,2020-09-13 19:02:01,Female,31
9001228448,2020-09-14 13:58:17,2020-09-14 15:36:36,Male,26
9001228448,2020-09-06 14:09:27,2020-09-06 14:28:43,Male,24
9001280604,2020-09-24 18:14:42,2020-09-24 19:56:03,Male,33
9001281488,2020-09-08 09:49:05,2020-09-08 12:15:40,Female,26
9001340937,2020-09-21 18:20:26,2020-09-21 19:28:27,Male,29
9001348919,2020-09-01 14:05:40,2020-09-01 15:29:50,Female,36
9001348919,2020-09-24 10:28:51,2020-09-24 11:24:57,Male,33
9001349868,2020-09-04 11:58:41,2020-09-04 14:42:34,Female,36
9001416441,2020-09-05 12:25:58,2020-09-05 13:38:17,Male,35
9001416441,2020-09-07 12:35:35,2020-09-07 13:42:33,Male,39
9001416441,2020-09-18 18:31:30,2020-09-18 19:05:40,Male,32
9001707628,2020-08-24 10:06:59,2020-08-24 13:05:07,Female,36
9002299752,2020-08-24 15:14:23,2020-08-24 17:53:13,Female,35
9002609945,2020-09-11 09:27:37,2020-09-11 09:47:26,Male,29
9002609945,2020-09-13 16:33:48,2020-09-13 18:56:13,Male,23
9002787083,2020-08-28 16:45:27,2020-08-28 18:05:59,Female,18
9002850120,2020-08-30 13:23:24,2020-08-30 16:02:34,Female,32
9003017469,2020-08-25 14:26:47,2020-08-25 15:47:54,Male,18
9003028896,2020-09-08 16:29:55,2020-09-08 17:15:47,Female,39
9003028896,2020-09-17 08:02:51,2020-09-17 10:56:37,Male,24
9003028896,2020-09-16 11:31:42,2020-09-16 11:32:15,Female,20
9003064906,2020-09-03 11:08:17,2020-09-03 11:12:59,Male,36
9003064906,2020-09-01 13:03:31,2020-09-01 13:50:02,Female,40
9003214315,2020-09-15 13:20:38,2020-09-15 14:22:41,Female,32
9003238989,2020-09-24 14:25:22,2020-09-24 16:47:07,Male,23
9003263403,2020-09-24 14:53:05,2020-09-24 17:09:33,Male,33
9003263403,2020-08-26 11:53:00,2020-08-26 13:57:29,Male,30
9003263403,2020-08-31 11:33:22,2020-08-31 13:45:54,Male,18
9003263403,2020-09-08 15:53:31,2020-09-08 16:37:34,Female,35
9003563300,2020-09-11 17:43:59,2020-09-11 18:21:52,Male,20
9003625323,2020-09-15 13:01:30,2020-09-15 15:11:55,Male,21
9003686033,2020-09-05 08:34:31,2020-09-05 09:18:23,Male,24
9003697408,2020-09-02 18:31:28,2020-09-02 19:24:58,Female,29
9003697408,2020-09-02 16:23:01,2020-09-02 18:37:37,Male,36
9003707301,2020-09-10 10:46:41,2020-09-10 11:23:00,Female,21
9003723330,2020-09-16 09:35:29,2020-09-16 12:11:32,Female,24
9003752086,2020-09-24 12:59:11,2020-09-24 15:14:43,Male,24
9003773016,2020-08-29 15:14:57,2020-08-29 16:16:19,Male,27
9003773016,2020-09-16 11:06:10,2020-09-16 11:07:59,Female,31
9003773016,2020-08-27 12:01:04,2020-08-27 13:49:38,Male,22
9003773016,2020-09-08 08:37:18,2020-09-08 11:33:35,Female,39
9003787043,2020-08-25 10:40:02,2020-08-25 12:25:22,Female,40
9003793998,2020-09-11 13:13:41,2020-09-11 13:52:14,Male,23
9003793998,2020-09-12 11:44:26,2020-09-12 13:38:35,Female,39
9003812406,2020-09-21 17:32:06,2020-09-21 18:03:51,Female,27
9003812471,2020-09-24 14:25:55,2020-09-24 16:28:25,Female,27
9003827616,2020-08-25 08:52:13,2020-08-25 10:11:40,Female,25
9003830359,2020-09-20 08:42:23,2020-09-20 09:27:50,Female,36
9003888872,2020-09-06 11:45:26,2020-09-06 13:35:36,Female,21
9003889509,2020-09-20 11:14:57,2020-09-20 11:45:14,Male,33
9003897907,2020-09-17 14:56:27,2020-09-17 17:21:07,Male,34
9003947125,2020-09-22 17:41:20,2020-09-22 18:16:13,Female,36
9003989167,2020-09-05 17:52:53,2020-09-05 19:03:13,Male,39
9004014452,2020-09-03 08:59:58,2020-09-03 10:46:40,Male,26
9004014452,2020-09-02 10:42:11,2020-09-02 11:53:57,Male,38
9004016025,2020-09-03 11:34:42,2020-09-03 11:47:06,Male,38
9004034134,2020-08-30 09:26:14,2020-08-30 11:57:37,Female,19
9004038502,2020-08-31 12:55:28,2020-08-31 14:40:47,Female,18
9004048122,2020-09-23 18:03:17,2020-09-23 19:38:41,Female,26
9004048122,2020-09-18 10:48:15,2020-09-18 11:45:06,Female,23
9004049994,2020-09-18 14:48:22,2020-09-18 15:46:20,Male,27
9004063514,2020-09-03 15:00:48,2020-09-03 17:39:44,Male,37
9004063514,2020-09-22 14:30:18,2020-09-22 15:19:27,Male,35
9004063514,2020-08-28 15:32:54,2020-08-28 17:33:25,Female,40
9004079114,2020-09-18 17:47:55,2020-09-18 18:20:59,Female,31
9004079114,2020-08-31 15:58:44,2020-08-31 17:33:52,Female,26
9004085458,2020-08-31 13:02:55,2020-08-31 13:04:04,Male,27
9004091464,2020-09-06 16:49:28,2020-09-06 18:00:49,Female,29
9004126811,2020-09-11 12:37:55,2020-09-11 14:26:01,Female,34
9004179851,2020-09-22 17:34:08,2020-09-22 17:58:02,Female,30
9004199338,2020-09-12 15:00:12,2020-09-12 17:59:56,Female,39
9004219228,2020-08-30 13:23:03,2020-08-30 16:05:23,Male,38
9004236518,2020-09-07 16:25:51,2020-09-07 18:53:09,Male,21
9004239053,2020-09-08 12:36:40,2020-09-08 14:55:39,Male,21
9004241887,2020-09-09 13:39:16,2020-09-09 15:49:22,Male,35
9004241887,2020-09-04 13:41:17,2020-09-04 15:05:28,Male,32
9004241887,2020-09-22 18:53:51,2020-09-22 19:41:15,Male,32
9004253951,2020-09-14 12:53:13,2020-09-14 14:15:34,Female,27
9004274881,2020-09-23 10:01:43,2020-09-23 11:02:23,Female,40
9004299139,2020-09-21 14:34:53,2020-09-21 14:53:41,Female,34
9004308980,2020-09-07 12:33:29,2020-09-07 12:46:24,Male,40
9004308980,2020-09-20 17:13:44,2020-09-20 19:37:14,Male,36
9004310644,2020-09-08 08:10:46,2020-09-08 08:48:02,Male,24
9004356287,2020-08-28 18:53:07,2020-08-28 19:33:01,Female,25
9004356287,2020-09-02 11:24:36,2020-09-02 13:01:44,Male,33
9004383821,2020-09-01 15:47:56,2020-09-01 17:30:47,Female,22
9004409548,2020-09-17 14:31:54,2020-09-17 16:58:29,Female,21
9004443309,2020-09-19 17:02:04,2020-09-19 19:28:58,Female,36
9004445116,2020-09-22 13:30:08,2020-09-22 13:46:12,Male,40
9004445116,2020-09-07 14:49:58,2020-09-07 15:38:11,Female,33
9004447352,2020-09-15 16:47:34,2020-09-15 17:27:21,Female,34
9004455958,2020-08-29 08:56:19,2020-08-29 09:24:06,Male,19
9004464395,2020-09-05 15:37:19,2020-09-05 18:10:14,Male,23
9004469179,2020-09-06 17:35:12,2020-09-06 19:30:30,Male,27
9004530422,2020-09-22 12:38:08,2020-09-22 13:54:36,Male,35
9004568837,2020-09-16 12:00:18,2020-09-16 13:37:41,Male,21
9004576806,2020-09-13 16:18:38,2020-09-13 16:37:34,Female,34
9004602312,2020-09-20 13:10:34,2020-09-20 14:25:30,Female,30
9004612686,2020-08-24 09:00:26,2020-08-24 11:00:03,Female,37
9004619472,2020-08-28 14:11:58,2020-08-28 16:06:47,Female,35
9004655677,2020-09-02 09:49:45,2020-09-02 09:59:54,Male,31
9004678817,2020-09-22 14:39:02,2020-09-22 14:40:05,Female,22
9004704986,2020-08-27 12:27:18,2020-08-27 15:20:43,Male,26
9004713423,2020-09-11 14:53:52,2020-09-11 15:49:27,Male,29
9004735874,2020-08-25 10:01:01,2020-08-25 12:14:15,Male,24
9004773964,2020-09-09 10:36:16,2020-09-09 11:04:22,Female,30
9004786912,2020-08-29 10:24:11,2020-08-29 10:33:55,Female,36
9004787822,2020-08-29 17:03:12,2020-08-29 18:48:22,Male,24
9004807179,2020-09-08 09:44:09,2020-09-08 11:02:39,Male,18
9004832945,2020-09-05 17:29:52,2020-09-05 17:45:20,Female,32
9004832945,2020-08-26 11:18:02,2020-08-26 13:49:03,Male,34
9004832945,2020-09-01 13:48:49,2020-09-01 15:22:27,Male,35
9004846244,2020-09-09 12:58:23,2020-09-09 13:02:14,Female,31
9004852172,2020-08-26 11:28:40,2020-08-26 13:24:19,Male,31
9004884204,2020-09-07 16:45:16,2020-09-07 17:48:03,Male,24
9004894838,2020-08-30 13:53:26,2020-08-30 14:00:32,Male,38
9004894838,2020-09-19 17:29:58,2020-09-19 18:38:59,Female,25
9004894838,2020-09-18 11:40:00,2020-09-18 13:15:32,Female,24
9004894838,2020-08-30 10:20:39,2020-08-30 12:38:20,Male,33
9004894838,2020-09-11 18:41:29,2020-09-11 18:55:48,Male,31
9004899323,2020-08-29 15:01:05,2020-08-29 15:07:03,Female,23
9004903119,2020-09-23 13:00:52,2020-09-23 14:26:45,Female,22
9004907565,2020-08-25 11:25:24,2020-08-25 11:25:50,Male,26
9004907565,2020-09-14 08:35:31,2020-09-14 11:28:09,Female,37
9004912063,2020-09-13 17:28:06,2020-09-13 18:24:41,Male,26
9004912063,2020-09-05 11:59:21,2020-09-05 14:34:17,Male,20
9004948515,2020-09-05 17:47:10,2020-09-05 18:14:38,Female,21
9004952740,2020-08-30 17:18:45,2020-08-30 17:28:06,Female,21
9004952740,2020-08-27 15:29:43,2020-08-27 16:33:20,Female,27
9004958408,2020-09-21 18:04:58,2020-09-21 18:17:54,Female,35
9004958408,2020-09-06 08:31:05,2020-09-06 08:50:58,Female,30
9004958408,2020-09-10 08:33:27,2020-09-10 10:27:56,Male,24
9005083286,2020-09-10 09:37:20,2020-09-10 09:46:42,Male,30
9005120141,2020-09-02 10:54:12,2020-09-02 12:27:30,Male,19
9005120141,2020-09-20 15:39:05,2020-09-20 18:10:45,Male,19
9005120141,2020-09-20 16:10:34,2020-09-20 16:59:32,Male,20
9005139420,2020-09-09 10:04:40,2020-09-09 12:00:01,Male,31
9005162183,2020-09-05 11:46:36,2020-09-05 11:49:10,Male,25
9005189366,2020-08-24 12:23:59,2020-08-24 12:48:23,Male,24
9005194332,2020-09-12 18:16:53,2020-09-12 18:34:37,Female,28
9005213897,2020-09-20 16:15:37,2020-09-20 16:31:51,Female,28
9005277948,2020-09-07 13:36:06,2020-09-07 15:18:18,Male,36
9005287802,2020-09-08 08:39:28,2020-09-08 10:45:15,Female,34
9005367700,2020-08-25 16:03:32,2020-08-25 18:15:37,Male,32
9005377593,2020-09-21 08:02:08,2020-09-21 09:09:15,Female,19
9005403619,2020-09-14 08:44:42,2020-09-14 09:51:20,Male,36
9005404776,2020-09-06 14:55:43,2020-09-06 16:12:08,Female,38
9005424393,2020-09-14 11:06:01,2020-09-14 11:42:58,Male,24
9005452863,2020-09-14 12:48:46,2020-09-14 13:12:09,Male,40
9005486741,2020-08-26 12:17:52,2020-08-26 14:01:46,Male,27
9005495152,2020-08-27 09:34:49,2020-08-27 10:58:23,Male,32
9005504837,2020-08-28 13:52:41,2020-08-28 15:14:23,Male,29
9005572034,2020-09-21 10:49:52,2020-09-21 13:33:27,Female,34
9005573425,2020-08-25 15:35:12,2020-08-25 16:07:58,Male,35
9005576701,2020-09-05 14:28:50,2020-09-05 17:05:22,Male,26
9005591703,2020-08-26 17:30:45,2020-08-26 17:37:33,Male,18
9005604131,2020-09-19 10:27:14,2020-09-19 12:52:48,Male,29
9005618964,2020-09-09 12:15:51,2020-09-09 14:58:34,Male,25
9005678062,2020-09-05 11:16:27,2020-09-05 12:15:58,Male,20
9005687344,2020-09-14 11:31:39,2020-09-14 12:39:42,Female,33
9005739825,2020-09-07 10:42:40,2020-09-07 12:05:13,Female,37
9005739825,2020-09-04 18:40:12,2020-09-04 19:01:06,Male,19
9005768178,2020-09-10 10:03:41,2020-09-10 10:41:53,Female,35
9005905666,2020-09-13 11:36:24,2020-09-13 11:37:12,Male,32
9005922592,2020-08-24 16:21:31,2020-08-24 16:33:14,Male,29
9005959577,2020-08-31 11:42:39,2020-08-31 12:35:18,Female,29
9006017180,2020-09-12 14:01:36,2020-09-12 15:21:59,Female,27
9006025305,2020-09-19 09:17:29,2020-09-19 10:26:07,Female,38
9006025305,2020-09-23 16:14:36,2020-09-23 18:27:17,Male,40
9006035510,2020-09-06 16:35:10,2020-09-06 19:26:36,Male,39
9006035510,2020-09-20 12:43:06,2020-09-20 13:53:53,Female,28
9006035510,2020-09-13 17:14:45,2020-09-13 18:53:14,Female,39
9006054750,2020-09-02 15:27:05,2020-09-02 16:18:38,Female,22
9006059326,2020-09-09 13:23:56,2020-09-09 16:03:38,Male,29
9006078033,2020-08-24 16:44:55,2020-08-24 17:26:55,Female,36
9006085677,2020-09-19 14:09:59,2020-09-19 15:56:17,Female,35
9006101394,2020-09-21 16:15:42,2020-09-21 19:10:20,Female,39
9006101485,2020-09-09 10:33:37,2020-09-09 11:07:37,Male,36
9006115928,2020-09-03 15:36:19,2020-09-03 16:33:02,Male,35
9006121635,2020-09-16 12:18:50,2020-09-16 12:32:16,Male,30
9006123611,2020-09-14 10:11:53,2020-09-14 12:31:34,Female,36
9006125223,2020-09-01 08:42:22,2020-09-01 09:43:42,Female,20
9006172647,2020-09-24 15:17:52,2020-09-24 16:59:41,Male,40
9006204003,2020-09-21 14:09:10,2020-09-21 16:28:49,Male,37
9006204003,2020-09-11 18:29:11,2020-09-11 19:08:26,Female,21
9006236763,2020-09-05 15:35:29,2020-09-05 17:22:36,Male,35
9006241937,2020-08-26 13:42:33,2020-08-26 16:04:47,Female,19
9006248957,2020-09-18 09:17:30,2020-09-18 10:09:30,Male,24
9006268561,2020-09-20 09:19:50,2020-09-20 10:51:34,Male,20
9006269744,2020-09-23 13:23:38,2020-09-23 13:44:28,Female,39
9006274112,2020-09-22 13:27:31,2020-09-22 14:52:38,Male,18
9006287515,2020-09-20 12:31:25,2020-09-20 15:05:42,Male,33
9006295991,2020-09-02 14:16:07,2020-09-02 14:52:32,Female,20
9006316011,2020-08-24 13:12:43,2020-08-24 16:04:55,Female,19
9006316011,2020-09-06 11:07:53,2020-09-06 11:31:28,Male,39
9006316011,2020-09-24 16:36:05,2020-09-24 19:09:24,Male,25
9006316011,2020-09-06 10:22:11,2020-09-06 12:12:32,Female,18
9006341647,2020-09-02 09:55:01,2020-09-02 10:26:50,Female,31
9006342596,2020-09-23 14:53:08,2020-09-23 17:10:52,Female,31
9006375070,2020-08-24 15:19:15,2020-08-24 18:08:51,Male,39
9006392815,2020-09-04 18:40:05,2020-09-04 19:49:42,Female,38
9006393114,2020-09-24 13:55:36,2020-09-24 15:48:05,Male,32
9006422702,2020-09-19 17:51:42,2020-09-19 19:29:44,Male,27
9006467188,2020-09-15 08:56:15,2020-09-15 09:37:27,Female,40
9006467188,2020-08-24 14:01:33,2020-08-24 14:24:03,Male,24
9006483568,2020-09-15 15:38:35,2020-09-15 16:38:31,Male,35
9006487767,2020-09-10 11:10:44,2020-09-10 11:31:34,Female,32
9006516627,2020-09-02 12:35:14,2020-09-02 14:48:22,Male,40
9006654219,2020-08-31 17:45:19,2020-08-31 19:22:57,Male,29
9006688877,2020-09-21 16:35:34,2020-09-21 17:33:02,Female,35
9006762418,2020-09-24 10:07:50,2020-09-24 12:33:38,Male,26
9006783530,2020-08-24 08:58:21,2020-08-24 09:55:18,Female,21
9006789861,2020-09-16 11:44:45,2020-09-16 14:02:50,Female,29
9006793696,2020-09-17 12:10:12,2020-09-17 12:32:19,Female,22
9006795321,2020-09-07 14:27:24,2020-09-07 15:29:40,Female,22
9006802354,2020-09-12 12:57:00,2020-09-12 14:43:35,Female,23
9006888570,2020-08-28 14:59:11,2020-08-28 15:23:41,Female,19
9006935539,2020-09-16 14:42:49,2020-09-16 14:58:57,Male,22
9006955299,2020-09-05 17:07:49,2020-09-05 19:24:19,Female,39
9006955364,2020-09-13 12:00:23,2020-09-13 13:25:10,Male,22
9006956157,2020-09-21 08:00:17,2020-09-21 10:47:05,Male,32
9006966531,2020-08-30 11:51:12,2020-08-30 12:59:05,Female,37
9006980636,2020-09-07 17:01:17,2020-09-07 18:42:33,Female,39
9006980636,2020-08-29 11:48:02,2020-08-29 13:07:28,Female,35
9006988111,2020-08-31 12:57:49,2020-08-31 14:28:48,Female,21
9006988332,2020-08-29 14:19:59,2020-08-29 15:44:06,Female,19
9006988332,2020-09-02 08:56:34,2020-09-02 09:26:48,Male,19
9007032428,2020-09-11 10:04:14,2020-09-11 10:23:26,Female,34
9007036068,2020-09-10 10:43:39,2020-09-10 11:31:17,Female,40
9007046091,2020-09-08 15:46:31,2020-09-08 17:52:22,Female,19
9007055165,2020-08-27 15:01:00,2020-08-27 16:53:22,Male,31
9007059221,2020-09-21 08:57:40,2020-09-21 10:04:51,Male,31
9007061756,2020-09-23 10:54:20,2020-09-23 12:10:28,Female,38
9007069686,2020-08-27 15:05:02,2020-08-27 16:59:46,Male,27
9007070076,2020-08-25 13:43:06,2020-08-25 15:48:24,Female,38
9007078682,2020-09-03 15:20:49,2020-09-03 15:52:43,Female,35
9007090044,2020-08-25 17:03:47,2020-08-25 19:06:52,Male,28
9007091890,2020-08-27 12:02:07,2020-08-27 13:38:22,Male,24
9007091890,2020-09-23 14:14:48,2020-09-23 15:40:36,Female,36
9007103096,2020-08-25 09:02:36,2020-08-25 10:54:50,Male,29
9007103096,2020-09-22 13:49:46,2020-09-22 14:14:40,Male,18
9007123558,2020-08-31 16:48:01,2020-08-31 17:29:23,Female,25
9007136662,2020-09-21 11:16:39,2020-09-21 11:53:02,Male,21
9007146438,2020-08-27 13:19:20,2020-08-27 15:42:34,Female,25
9007151859,2020-09-18 16:26:32,2020-09-18 18:22:24,Male,26
9007170839,2020-09-13 12:21:05,2020-09-13 13:49:55,Female,26
9007178392,2020-09-19 16:19:51,2020-09-19 17:13:23,Male,20
9007179003,2020-09-21 15:49:24,2020-09-21 17:43:47,Female,20
9007179003,2020-09-20 15:03:07,2020-09-20 15:38:34,Female,19
9007185165,2020-08-28 09:29:24,2020-08-28 10:27:59,Male,30
9007253688,2020-08-27 14:23:51,2020-08-27 15:27:21,Male,38
9007270393,2020-09-02 08:35:16,2020-09-02 10:03:24,Female,23
9007334145,2020-09-12 11:12:07,2020-09-12 12:20:16,Female,28
9007342270,2020-09-01 11:23:59,2020-09-01 12:29:07,Female,21
9007396389,2020-09-10 16:07:08,2020-09-10 18:12:05,Female,29
9007412106,2020-09-08 13:32:35,2020-09-08 16:31:17,Female,24
9007420179,2020-08-24 12:31:05,2020-08-24 12:49:06,Male,18
9007420218,2020-09-10 09:58:31,2020-09-10 11:07:32,Male,21
9007438366,2020-09-15 17:14:04,2020-09-15 18:35:08,Female,21
9007440342,2020-09-04 15:45:15,2020-09-04 18:29:04,Female,22
9007440342,2020-09-10 13:18:14,2020-09-10 14:39:02,Male,20
9007449715,2020-09-01 14:47:37,2020-09-01 16:59:55,Female,26
9000552565,2020-09-09 15:40:54,2020-09-09 18:19:34,Female,30
9000779298,2020-09-19 11:59:04,2020-09-19 12:42:51,Male,20
9000809133,2020-08-24 17:44:27,2020-08-24 19:07:32,Male,23
9000830050,2020-09-05 14:07:41,2020-09-05 15:56:54,Female,36
9001142311,2020-08-27 15:36:18,2020-08-27 15:58:24,Male,25
9001324948,2020-09-06 19:16:12,2020-09-06 19:53:15,Female,37
9001324948,2020-09-03 15:32:35,2020-09-03 16:16:15,Male,37
9001324948,2020-09-24 16:37:39,2020-09-24 18:51:12,Female,37
9001324948,2020-09-14 10:02:23,2020-09-14 12:08:21,Female,28
9001324948,2020-09-03 15:23:08,2020-09-03 16:23:49,Female,33
9001324948,2020-09-24 11:24:55,2020-09-24 12:08:36,Male,26
9001324948,2020-09-06 15:50:53,2020-09-06 16:41:46,Female,31
9001324948,2020-09-21 16:17:16,2020-09-21 18:33:15,Male,26
9001324948,2020-08-31 12:45:43,2020-08-31 14:34:19,Female,33
9001324948,2020-09-21 13:02:40,2020-09-21 14:24:51,Male,33
9001324948,2020-09-17 09:07:20,2020-09-17 09:29:04,Female,29
9001324948,2020-09-12 17:14:26,2020-09-12 17:49:43,Female,30
9001324948,2020-09-20 12:43:14,2020-09-20 15:36:59,Male,39
9001324948,2020-08-27 12:43:10,2020-08-27 14:15:25,Male,23
9001324948,2020-09-20 10:06:01,2020-09-20 12:20:39,Female,29
9001324948,2020-09-19 14:04:53,2020-09-19 15:32:46,Female,30
9001324948,2020-09-11 15:47:09,2020-09-11 16:27:18,Female,19
9001324948,2020-09-12 18:01:17,2020-09-12 19:22:27,Male,18
9001324948,2020-09-04 15:52:36,2020-09-04 16:52:00,Male,35
9001324948,2020-08-29 16:54:42,2020-08-29 18:24:07,Female,22
9001324948,2020-09-09 08:02:43,2020-09-09 08:48:33,Female,35
9001324948,2020-08-26 08:49:42,2020-08-26 11:41:09,Female,19
9001324948,2020-09-13 11:20:22,2020-09-13 12:28:21,Male,23
9001324948,2020-09-10 18:31:20,2020-09-10 19:44:46,Female,18
9001324948,2020-09-09 16:19:48,2020-09-09 17:15:18,Male,20
9001324948,2020-09-07 12:39:42,2020-09-07 13:03:35,Male,25
9001324948,2020-08-25 12:27:38,2020-08-25 15:09:36,Female,20
9001324948,2020-08-27 14:02:41,2020-08-27 15:18:16,Male,36
9001324948,2020-09-18 09:06:52,2020-09-18 09:17:13,Female,21
9001324948,2020-08-30 11:04:25,2020-08-30 14:04:01,Male,27
9001324948,2020-09-10 15:50:46,2020-09-10 18:12:08,Female,18
9001324948,2020-09-19 13:14:21,2020-09-19 13:49:11,Female,35
9001324948,2020-09-08 17:43:11,2020-09-08 18:32:10,Female,36
9001324948,2020-09-04 11:01:56,2020-09-04 12:09:12,Male,32
9001324948,2020-08-24 17:51:55,2020-08-24 18:13:17,Male,19
9001324948,2020-09-11 13:09:49,2020-09-11 14:37:42,Female,36
9001324948,2020-09-12 09:11:55,2020-09-12 10:00:01,Male,22
9001324948,2020-09-09 12:43:52,2020-09-09 15:12:11,Female,35
9001324948,2020-09-03 13:46:21,2020-09-03 16:12:12,Female,37
9001324948,2020-09-04 10:30:47,2020-09-04 13:22:35,Female,26
9001324948,2020-09-23 08:12:49,2020-09-23 09:45:48,Male,19
9001324948,2020-09-14 15:50:56,2020-09-14 15:56:25,Female,21
9001324948,2020-09-09 08:37:38,2020-09-09 11:18:30,Male,29
9001324948,2020-09-23 11:28:38,2020-09-23 12:38:37,Male,33
9001324948,2020-09-05 17:23:22,2020-09-05 19:36:41,Female,20
9001324948,2020-08-31 11:12:43,2020-08-31 13:44:50,Female,27
9001324948,2020-09-17 10:44:21,2020-09-17 12:49:46,Female,20
9001324948,2020-08-28 16:57:21,2020-08-28 19:33:44,Male,34
9001324948,2020-09-06 13:32:42,2020-09-06 14:06:41,Female,20
9001324948,2020-09-21 09:50:56,2020-09-21 12:13:08,Female,39
9001324948,2020-08-30 10:37:22,2020-08-30 11:23:44,Male,38
9001324948,2020-09-11 10:51:18,2020-09-11 12:49:53,Female,32
9001324948,2020-08-28 14:14:19,2020-08-28 16:31:39,Female,35
9001324948,2020-09-22 16:52:49,2020-09-22 19:35:56,Female,35
9001324948,2020-09-02 08:32:52,2020-09-02 11:19:06,Female,19
9001324948,2020-08-26 15:19:49,2020-08-26 17:11:11,Female,19
9001324948,2020-09-22 16:30:52,2020-09-22 16:53:52,Female,23
9001324948,2020-09-16 12:01:16,2020-09-16 14:05:28,Male,22
9001324948,2020-09-14 16:55:28,2020-09-14 19:55:28,Female,23
9001324948,2020-08-28 14:30:47,2020-08-28 17:27:00,Female,27
9001324948,2020-09-11 12:24:03,2020-09-11 12:33:25,Female,19
9001324948,2020-08-26 11:41:35,2020-08-26 12:37:15,Male,19
9001324948,2020-08-30 17:17:03,2020-08-30 19:24:02,Male,39
9001324948,2020-09-07 16:22:02,2020-09-07 17:57:17,Female,32
9001324948,2020-09-15 12:43:48,2020-09-15 15:11:18,Female,32
9001324948,2020-08-31 13:32:30,2020-08-31 14:15:52,Male,25
9001324948,2020-09-08 17:27:35,2020-09-08 18:03:34,Male,23
9001324948,2020-08-29 12:24:21,2020-08-29 14:26:12,Male,18
9001324948,2020-08-26 14:05:36,2020-08-26 16:53:25,Male,19
9001324948,2020-08-25 10:57:40,2020-08-25 13:13:12,Female,20
9001324948,2020-09-10 11:37:09,2020-09-10 14:12:03,Male,30
9001324948,2020-09-18 14:56:05,2020-09-18 17:09:09,Female,25
9001324948,2020-09-10 15:41:51,2020-09-10 18:22:22,Male,24
9001324948,2020-09-14 14:13:47,2020-09-14 14:51:06,Male,19
9001324948,2020-09-23 17:31:49,2020-09-23 19:54:01,Female,38
9001324948,2020-09-15 08:08:03,2020-09-15 09:52:45,Female,28
9001324948,2020-09-01 09:47:05,2020-09-01 11:35:12,Male,27
9001324948,2020-09-21 13:33:32,2020-09-21 15:01:04,Female,19
9001324948,2020-08-26 10:50:56,2020-08-26 11:56:24,Female,39
9001324948,2020-08-30 16:20:27,2020-08-30 17:27:41,Female,39
9001324948,2020-09-15 14:26:27,2020-09-15 15:51:28,Female,18
9001324948,2020-09-13 14:49:41,2020-09-13 15:06:55,Male,25
9001324948,2020-08-25 09:49:45,2020-08-25 10:31:03,Female,30
9001324948,2020-09-22 15:46:29,2020-09-22 16:36:14,Male,32
9001324948,2020-09-22 11:41:46,2020-09-22 12:23:23,Male,20
9001324948,2020-09-17 17:01:01,2020-09-17 19:41:21,Male,25
9001324948,2020-09-11 17:20:55,2020-09-11 19:48:57,Female,23
9001324948,2020-09-11 12:43:07,2020-09-11 15:35:30,Male,38
9001324948,2020-09-22 09:16:41,2020-09-22 09:18:27,Male,22
9001324948,2020-09-03 12:50:35,2020-09-03 13:20:14,Male,34
9001324948,2020-08-30 12:41:55,2020-08-30 13:51:30,Female,21
9001324948,2020-08-31 13:27:23,2020-08-31 13:45:07,Female,35
9001324948,2020-09-05 14:41:26,2020-09-05 15:16:11,Male,30
9001324948,2020-09-19 17:58:41,2020-09-19 18:10:45,Female,20
9001324948,2020-09-17 13:20:57,2020-09-17 14:15:11,Female,39
9001324948,2020-09-18 10:47:23,2020-09-18 12:57:47,Male,31
9001324948,2020-08-31 11:22:36,2020-08-31 13:46:04,Male,38
9001324948,2020-09-08 10:30:51,2020-09-08 12:53:59,Male,27
9001324948,2020-08-25 17:35:32,2020-08-25 19:22:26,Female,38
9001324948,2020-09-08 11:40:19,2020-09-08 12:28:09,Female,30
9001324948,2020-09-11 15:23:27,2020-09-11 16:51:58,Female,28
9001324948,2020-09-02 14:22:03,2020-09-02 16:48:32,Female,19
9001324948,2020-08-28 10:42:16,2020-08-28 10:47:55,Female,24
9001324948,2020-08-30 18:34:54,2020-08-30 19:53:55,Male,36
9001324948,2020-09-24 15:28:20,2020-09-24 18:04:33,Female,40
9001324948,2020-09-16 11:05:28,2020-09-16 13:55:56,Female,25
9001324948,2020-09-23 08:21:16,2020-09-23 11:07:38,Male,24
9001324948,2020-09-11 12:56:18,2020-09-11 14:25:28,Female,33
9001324948,2020-09-10 08:07:50,2020-09-10 08:32:22,Male,40
9001324948,2020-09-24 17:57:12,2020-09-24 19:46:49,Male,32
9001324948,2020-09-10 09:37:21,2020-09-10 09:39:15,Male,30
9001324948,2020-09-05 17:02:36,2020-09-05 17:17:19,Male,23
9001324948,2020-09-15 09:58:00,2020-09-15 12:12:58,Female,20
9001324948,2020-09-04 17:32:18,2020-09-04 18:21:59,Male,24
9001324948,2020-08-26 10:42:53,2020-08-26 13:07:44,Female,20
9001324948,2020-09-09 10:30:07,2020-09-09 10:51:55,Female,23
9001324948,2020-09-19 16:45:20,2020-09-19 17:39:24,Male,30
9001324948,2020-09-19 10:06:44,2020-09-19 11:23:48,Female,33
9001324948,2020-09-16 12:02:54,2020-09-16 13:54:20,Male,27
9001324948,2020-09-18 09:06:16,2020-09-18 09:06:30,Male,24
9001324948,2020-09-02 10:07:36,2020-09-02 11:33:55,Male,21
9001324948,2020-09-04 15:39:43,2020-09-04 17:36:33,Female,29
9001324948,2020-09-06 17:42:00,2020-09-06 19:40:59,Male,34
9001324948,2020-08-24 12:48:30,2020-08-24 13:24:32,Female,36
9001324948,2020-09-01 18:33:17,2020-09-01 19:37:08,Female,29
9001324948,2020-09-04 18:44:34,2020-09-04 19:29:54,Male,30
9001324948,2020-09-09 09:13:46,2020-09-09 09:18:51,Female,37
9001324948,2020-08-27 08:25:02,2020-08-27 08:50:57,Male,36
9001324948,2020-09-02 08:57:16,2020-09-02 10:44:37,Female,39
9001324948,2020-08-29 10:55:20,2020-08-29 12:54:33,Female,40
9001324948,2020-09-18 13:55:40,2020-09-18 14:09:31,Male,27
9001324948,2020-08-25 13:21:58,2020-08-25 15:09:10,Female,37
9001324948,2020-09-02 12:19:59,2020-09-02 12:42:18,Female,32
9001324948,2020-08-25 08:23:04,2020-08-25 11:16:20,Male,22
9001324948,2020-08-29 14:59:16,2020-08-29 15:01:57,Female,27
9001324948,2020-09-20 11:10:39,2020-09-20 13:57:59,Female,20
9001324948,2020-09-24 14:30:23,2020-09-24 16:07:16,Female,25
9001324948,2020-09-21 10:52:20,2020-09-21 13:15:11,Male,26
9001324948,2020-08-29 14:04:10,2020-08-29 14:38:21,Male,27
9001324948,2020-08-26 14:08:45,2020-08-26 15:47:18,Female,40
9001324948,2020-09-13 08:16:33,2020-09-13 09:11:50,Male,29
9001324948,2020-09-13 10:05:06,2020-09-13 12:16:10,Female,36
9001324948,2020-09-03 10:11:55,2020-09-03 10:37:04,Female,19
9001324948,2020-09-05 12:27:51,2020-09-05 12:34:24,Male,38
9001324948,2020-09-20 08:18:38,2020-09-20 08:58:00,Female,37
9001324948,2020-09-13 12:20:48,2020-09-13 13:00:41,Female,38
9001324948,2020-09-22 12:32:30,2020-09-22 14:14:12,Male,22
9001324948,2020-09-17 08:25:26,2020-09-17 08:53:18,Male,31
9001324948,2020-09-10 17:43:48,2020-09-10 18:37:45,Male,20
9001324948,2020-08-24 10:48:32,2020-08-24 10:55:19,Male,25
9001324948,2020-09-15 09:59:51,2020-09-15 10:16:47,Male,26
9001324948,2020-09-18 11:01:23,2020-09-18 13:24:01,Female,36
9001324948,2020-08-30 10:16:22,2020-08-30 10:52:08,Male,39
9001324948,2020-09-12 13:49:59,2020-09-12 14:05:34,Female,29
9001324948,2020-09-23 15:09:58,2020-09-23 15:56:29,Female,21
9001324948,2020-08-27 11:50:49,2020-08-27 13:17:01,Female,33
9001324948,2020-09-08 17:02:07,2020-09-08 19:13:08,Female,20
9001324948,2020-09-15 16:36:51,2020-09-15 19:15:37,Female,23
9001324948,2020-09-02 10:18:17,2020-09-02 13:01:27,Male,28
9001324948,2020-09-04 13:25:29,2020-09-04 16:20:28,Male,19
9001324948,2020-09-21 18:22:17,2020-09-21 18:53:15,Male,27
9001324948,2020-09-19 08:52:19,2020-09-19 11:19:56,Female,29
9001324948,2020-09-17 09:13:53,2020-09-17 10:12:05,Female,30
9001324948,2020-09-09 09:43:19,2020-09-09 12:01:37,Female,34
9001324948,2020-09-18 15:19:45,2020-09-18 17:51:34,Female,40
9001324948,2020-09-04 17:18:06,2020-09-04 17:47:56,Female,34
9001324948,2020-09-04 11:41:29,2020-09-04 11:59:16,Male,30
9001324948,2020-09-21 14:08:42,2020-09-21 14:35:14,Male,22
9001324948,2020-08-29 10:09:35,2020-08-29 11:23:32,Female,24
9001324948,2020-08-30 08:37:15,2020-08-30 10:51:22,Male,32
9001324948,2020-09-06 08:31:09,2020-09-06 09:05:58,Female,30
9001324948,2020-09-11 14:50:56,2020-09-11 16:38:35,Male,22
9001324948,2020-09-15 10:24:45,2020-09-15 10:26:13,Female,26
9001324948,2020-09-06 14:35:31,2020-09-06 15:30:10,Male,25
9001324948,2020-09-17 12:32:26,2020-09-17 14:58:48,Female,25
9001324948,2020-08-24 17:35:31,2020-08-24 17:43:05,Female,27
9001324948,2020-08-28 12:38:37,2020-08-28 15:13:41,Female,38
9001324948,2020-09-12 10:51:00,2020-09-12 13:50:08,Male,29
9001324948,2020-09-08 12:47:31,2020-09-08 14:02:24,Male,38
9001324948,2020-09-20 11:21:50,2020-09-20 13:50:32,Male,34
9001324948,2020-08-31 10:19:38,2020-08-31 11:23:57,Female,37
9001324948,2020-09-07 08:06:16,2020-09-07 08:22:40,Female,20
9001324948,2020-09-12 12:59:49,2020-09-12 14:32:12,Female,40
9001324948,2020-08-25 16:30:03,2020-08-25 17:08:07,Female,19
9001324948,2020-09-12 08:24:46,2020-09-12 09:01:23,Female,34
9001324948,2020-09-02 13:01:54,2020-09-02 14:37:26,Female,38
9001324948,2020-09-08 15:17:48,2020-09-08 18:11:05,Male,40
9001324948,2020-09-05 09:14:46,2020-09-05 12:07:58,Male,37
9001324948,2020-09-23 15:28:21,2020-09-23 18:12:13,Female,25
9001324948,2020-08-25 14:42:53,2020-08-25 15:48:41,Female,37
9001324948,2020-08-24 14:40:11,2020-08-24 16:52:24,Male,26
9001324948,2020-09-20 08:20:03,2020-09-20 10:56:50,Male,25
9001324948,2020-09-15 09:46:30,2020-09-15 11:15:08,Male,35
9001324948,2020-09-21 13:39:22,2020-09-21 14:17:07,Male,26
9001324948,2020-09-16 15:03:31,2020-09-16 17:17:13,Male,28
9001324948,2020-08-31 10:10:01,2020-08-31 10:24:49,Female,29
9001324948,2020-08-24 17:06:49,2020-08-24 19:30:48,Female,23
9001324948,2020-08-31 15:32:15,2020-08-31 17:48:15,Female,30
9001324948,2020-09-07 12:31:44,2020-09-07 13:16:13,Female,19
9001324948,2020-09-16 09:32:47,2020-09-16 11:37:40,Male,36
9001324948,2020-09-24 17:07:53,2020-09-24 17:19:25,Male,28
9001324948,2020-08-30 15:42:54,2020-08-30 18:41:25,Female,22
9001324948,2020-09-13 12:07:22,2020-09-13 13:41:02,Female,40
9001324948,2020-09-07 17:41:54,2020-09-07 18:56:05,Male,25
9001324948,2020-09-16 17:33:41,2020-09-16 19:42:18,Male,22
9001324948,2020-09-14 15:55:56,2020-09-14 18:05:18,Male,38
9001324948,2020-09-04 08:04:18,2020-09-04 10:24:18,Female,28
9001324948,2020-09-07 13:50:49,2020-09-07 14:50:55,Female,36
9001324948,2020-09-20 13:37:25,2020-09-20 15:56:19,Male,30
9001324948,2020-09-22 12:34:46,2020-09-22 13:11:05,Male,40
9001324948,2020-08-29 17:57:36,2020-08-29 19:07:44,Male,22
9001324948,2020-09-22 16:31:50,2020-09-22 18:38:37,Female,20
9001324948,2020-09-13 15:55:16,2020-09-13 18:35:25,Female,28
9001324948,2020-09-02 11:08:11,2020-09-02 12:20:12,Male,33
9001324948,2020-09-10 09:43:39,2020-09-10 11:00:06,Female,30
9001324948,2020-09-03 17:59:26,2020-09-03 18:21:03,Male,22
9001324948,2020-09-17 14:01:15,2020-09-17 14:56:44,Male,21
9001324948,2020-09-13 18:54:02,2020-09-13 19:40:16,Male,37
9001324948,2020-08-26 09:44:16,2020-08-26 10:01:50,Female,19
9001324948,2020-09-05 14:02:36,2020-09-05 15:09:28,Female,22
9001324948,2020-09-06 08:09:07,2020-09-06 10:11:55,Male,39
9001324948,2020-09-08 18:56:42,2020-09-08 18:59:29,Female,37
9001324948,2020-08-24 11:55:11,2020-08-24 13:41:54,Male,30
9001324948,2020-09-22 10:14:12,2020-09-22 12:02:33,Male,40
9001324948,2020-09-21 16:41:49,2020-09-21 18:11:10,Female,34
9001324948,2020-09-02 15:06:58,2020-09-02 15:44:36,Female,37
9001324948,2020-09-21 14:54:49,2020-09-21 16:37:50,Female,24
9001324948,2020-08-28 15:44:50,2020-08-28 17:36:39,Male,28
9001324948,2020-08-25 18:23:58,2020-08-25 19:43:28,Male,28
9001324948,2020-09-24 13:28:36,2020-09-24 15:01:30,Female,40
9001324948,2020-09-19 10:04:22,2020-09-19 10:05:40,Male,22
9001324948,2020-08-26 14:19:56,2020-08-26 15:58:20,Female,18
9001324948,2020-08-28 14:02:20,2020-08-28 14:15:50,Female,33
9001324948,2020-09-08 13:08:45,2020-09-08 14:35:37,Male,18
9001324948,2020-08-27 10:27:23,2020-08-27 11:30:11,Male,39
9001324948,2020-08-27 09:28:26,2020-08-27 11:28:33,Female,21
9001324948,2020-09-14 18:18:00,2020-09-14 19:34:13,Female,38
9001324948,2020-09-09 15:31:14,2020-09-09 18:04:35,Female,29
9001324948,2020-09-17 18:50:59,2020-09-17 19:32:58,Male,19
9001324948,2020-08-27 12:28:24,2020-08-27 14:53:28,Male,40
9001324948,2020-09-04 08:38:46,2020-09-04 09:44:50,Female,39
9001324948,2020-08-26 09:14:35,2020-08-26 11:00:10,Female,38
9001324948,2020-09-08 09:59:19,2020-09-08 10:38:33,Female,21
9001324948,2020-08-24 11:10:57,2020-08-24 13:01:30,Female,35
9001324948,2020-09-16 15:41:29,2020-09-16 15:49:33,Male,19
9001324948,2020-09-04 16:15:17,2020-09-04 17:36:18,Male,33
9001324948,2020-09-24 08:02:47,2020-09-24 09:07:14,Female,38
9001324948,2020-08-28 09:49:06,2020-08-28 10:54:35,Female,20
9001324948,2020-09-16 10:46:25,2020-09-16 11:53:39,Female,24
9001324948,2020-09-07 12:15:01,2020-09-07 13:52:45,Male,37
9001324948,2020-09-01 16:51:08,2020-09-01 18:17:56,Male,34
9001324948,2020-09-19 09:40:59,2020-09-19 11:53:35,Male,39
9001324948,2020-09-03 09:05:14,2020-09-03 10:43:43,Male,20
9001324948,2020-08-27 15:54:17,2020-08-27 18:53:21,Female,39
9001324948,2020-09-19 08:33:23,2020-09-19 11:18:48,Female,29
9001324948,2020-09-17 15:56:38,2020-09-17 17:06:12,Female,35
9001324948,2020-09-13 14:51:50,2020-09-13 15:00:26,Female,35
9001324948,2020-09-02 10:42:13,2020-09-02 12:12:36,Male,27
9001324948,2020-09-24 12:39:49,2020-09-24 12:45:49,Male,31
9001324948,2020-08-31 10:36:18,2020-08-31 12:55:54,Male,32
9001324948,2020-09-17 16:54:22,2020-09-17 17:31:38,Male,27
9001324948,2020-09-24 17:53:35,2020-09-24 18:27:13,Female,29
9001324948,2020-09-02 14:56:02,2020-09-02 17:12:56,Male,40
9001324948,2020-09-01 14:39:45,2020-09-01 17:08:41,Male,37
9001324948,2020-09-21 10:22:28,2020-09-21 11:07:06,Male,21
9001324948,2020-09-01 11:47:41,2020-09-01 14:01:17,Male,38
9001324948,2020-09-06 10:39:42,2020-09-06 10:55:59,Male,38
9001324948,2020-08-25 08:35:29,2020-08-25 09:11:31,Male,28
9001324948,2020-09-24 08:39:18,2020-09-24 11:07:59,Male,25
9001324948,2020-09-09 16:47:01,2020-09-09 18:35:52,Male,34
9001324948,2020-09-06 08:27:24,2020-09-06 11:19:13,Female,27
9001324948,2020-09-18 12:24:25,2020-09-18 15:11:31,Female,38
9001324948,2020-09-14 12:02:12,2020-09-14 12:38:29,Female,28
9001324948,2020-08-28 14:01:48,2020-08-28 15:30:15,Female,39
9001324948,2020-09-21 16:38:07,2020-09-21 18:20:25,Female,32
9001324948,2020-09-23 12:11:45,2020-09-23 12:53:17,Male,35
9001324948,2020-09-12 13:47:21,2020-09-12 13:51:04,Male,26
9001324948,2020-09-09 16:15:28,2020-09-09 18:21:34,Female,22
9001324948,2020-08-31 10:26:42,2020-08-31 12:33:04,Male,35
9001324948,2020-09-05 11:30:03,2020-09-05 13:52:46,Male,39
9001324948,2020-08-28 17:15:51,2020-08-28 19:56:21,Female,32
9001324948,2020-09-03 17:15:42,2020-09-03 19:46:54,Female,35
9001324948,2020-09-20 08:03:04,2020-09-20 09:38:58,Male,37
9001324948,2020-08-26 14:51:30,2020-08-26 16:08:42,Female,27
9001324948,2020-09-11 08:54:46,2020-09-11 09:36:18,Female,27
9001324948,2020-09-04 12:59:17,2020-09-04 14:01:11,Male,39
9001324948,2020-09-12 17:48:53,2020-09-12 18:29:20,Female,37
9001324948,2020-09-03 16:28:25,2020-09-03 18:08:18,Female,35
9001324948,2020-09-18 09:03:53,2020-09-18 10:11:05,Female,31
9001324948,2020-09-04 18:56:49,2020-09-04 19:30:46,Female,36
9001324948,2020-08-29 14:54:46,2020-08-29 16:57:08,Female,28
9001324948,2020-09-16 09:20:04,2020-09-16 11:18:01,Male,18
9001324948,2020-09-18 17:30:19,2020-09-18 19:10:12,Female,39
9001324948,2020-08-30 19:18:41,2020-08-30 19:43:48,Female,23
9001324948,2020-09-19 12:29:27,2020-09-19 13:47:11,Female,28
9001324948,2020-09-04 10:16:40,2020-09-04 11:46:55,Female,26
9001324948,2020-09-03 09:14:29,2020-09-03 10:34:02,Female,30
9001324948,2020-09-08 15:36:20,2020-09-08 17:00:59,Female,31
9001324948,2020-09-01 12:38:21,2020-09-01 14:21:21,Female,20
9001324948,2020-09-10 12:17:26,2020-09-10 14:40:13,Female,27
9001324948,2020-08-26 17:30:31,2020-08-26 17:46:29,Female,26
9001324948,2020-09-06 10:47:57,2020-09-06 10:52:30,Male,40
9001324948,2020-09-18 14:30:24,2020-09-18 16:51:30,Female,24
9001324948,2020-08-26 14:58:18,2020-08-26 16:52:47,Female,20
9001324948,2020-09-08 08:34:13,2020-09-08 09:16:12,Female,34
9001324948,2020-09-18 16:16:54,2020-09-18 17:18:46,Male,38
9001324948,2020-09-04 14:37:16,2020-09-04 16:33:16,Female,40
9001324948,2020-08-27 09:26:15,2020-08-27 11:36:34,Female,27
9001324948,2020-08-27 08:05:35,2020-08-27 08:42:19,Female,24
9001324948,2020-09-01 10:44:17,2020-09-01 11:09:01,Male,22
9001324948,2020-09-20 15:42:50,2020-09-20 18:22:22,Male,30
9001324948,2020-08-24 17:28:30,2020-08-24 17:41:59,Male,29
9001324948,2020-09-09 16:09:06,2020-09-09 18:53:26,Male,32
9001324948,2020-08-26 10:20:21,2020-08-26 11:18:13,Male,18
9001324948,2020-09-02 08:28:06,2020-09-02 09:19:26,Male,40
9001324948,2020-09-20 08:55:43,2020-09-20 09:44:39,Male,33
9001324948,2020-08-30 13:26:59,2020-08-30 13:48:54,Male,24
9001324948,2020-09-16 15:39:08,2020-09-16 15:48:31,Female,32
9001324948,2020-09-18 16:55:18,2020-09-18 18:15:55,Male,33
9001324948,2020-09-16 17:38:45,2020-09-16 19:48:53,Male,30
9001324948,2020-09-22 14:24:48,2020-09-22 16:29:32,Male,30
9001324948,2020-08-26 14:42:05,2020-08-26 15:17:39,Male,23
9001324948,2020-09-02 18:19:04,2020-09-02 18:57:10,Female,28
9001324948,2020-09-05 13:58:48,2020-09-05 14:58:57,Female,40
9001324948,2020-09-24 09:09:10,2020-09-24 10:48:59,Male,24
9001324948,2020-09-17 11:29:27,2020-09-17 13:46:25,Male,37
9001324948,2020-09-18 16:44:23,2020-09-18 17:07:06,Male,36
9001324948,2020-09-05 11:24:31,2020-09-05 12:54:36,Female,21
9001324948,2020-09-06 11:06:24,2020-09-06 13:49:44,Female,29
9001324948,2020-09-12 08:01:42,2020-09-12 09:46:19,Male,30
9001324948,2020-09-10 15:06:14,2020-09-10 17:50:19,Female,28
9001324948,2020-09-22 12:02:20,2020-09-22 14:48:27,Male,27
9001324948,2020-08-31 13:05:47,2020-08-31 15:35:58,Male,22
9001324948,2020-08-26 09:53:23,2020-08-26 11:24:58,Male,24
9001324948,2020-09-15 09:43:03,2020-09-15 12:03:53,Male,28
9001324948,2020-09-09 16:46:18,2020-09-09 18:47:11,Male,32
9001324948,2020-08-26 19:04:30,2020-08-26 19:39:14,Male,39
9001324948,2020-09-02 17:47:51,2020-09-02 18:22:30,Male,31
9001324948,2020-09-13 13:57:24,2020-09-13 15:01:59,Male,30
9001324948,2020-09-17 16:35:56,2020-09-17 19:02:31,Female,30
9001324948,2020-08-30 15:20:04,2020-08-30 16:48:10,Female,21
9001324948,2020-09-04 16:49:25,2020-09-04 19:32:43,Male,19
9001324948,2020-09-19 11:49:25,2020-09-19 14:33:31,Male,36
9001324948,2020-09-17 15:58:48,2020-09-17 16:49:52,Female,20
9001324948,2020-08-25 09:36:49,2020-08-25 10:24:40,Male,39
9001324948,2020-08-29 18:38:40,2020-08-29 18:41:30,Female,35
9001324948,2020-09-06 08:23:13,2020-09-06 09:04:25,Male,19
9001324948,2020-08-25 17:22:12,2020-08-25 18:06:04,Male,30
9001324948,2020-09-23 15:08:43,2020-09-23 15:54:02,Female,25
9001324948,2020-09-19 12:27:44,2020-09-19 12:39:16,Male,19
9001324948,2020-09-15 08:40:54,2020-09-15 09:03:02,Female,24
9001324948,2020-09-18 18:02:35,2020-09-18 19:11:37,Female,18
9001324948,2020-09-03 16:39:06,2020-09-03 18:44:07,Female,22
9001324948,2020-08-29 12:52:59,2020-08-29 15:04:18,Female,37
9001324948,2020-08-31 14:13:32,2020-08-31 16:54:52,Female,37
9001324948,2020-08-30 15:39:56,2020-08-30 16:23:10,Male,24
9001324948,2020-09-23 11:47:02,2020-09-23 13:26:25,Female,26
9001324948,2020-09-11 19:02:29,2020-09-11 19:42:38,Female,27
9001324948,2020-09-03 12:45:16,2020-09-03 14:59:45,Male,39
9001324948,2020-09-01 13:21:07,2020-09-01 15:23:18,Male,28
9001324948,2020-08-26 14:36:30,2020-08-26 15:41:56,Male,37
9001324948,2020-09-05 08:39:58,2020-09-05 11:04:25,Female,20
9001324948,2020-09-24 14:13:13,2020-09-24 16:28:23,Male,36
9001324948,2020-09-23 15:25:45,2020-09-23 15:30:00,Male,25
9001324948,2020-09-18 16:46:30,2020-09-18 17:16:49,Male,39
9001324948,2020-09-20 09:51:01,2020-09-20 12:14:09,Male,27
9001324948,2020-08-30 09:11:48,2020-08-30 09:37:46,Male,21
9001324948,2020-09-10 13:02:54,2020-09-10 14:26:16,Female,40
9001324948,2020-09-22 14:25:53,2020-09-22 15:38:04,Male,38
9001324948,2020-08-27 10:53:12,2020-08-27 12:59:51,Male,37
9001324948,2020-09-20 14:11:22,2020-09-20 15:33:16,Female,28
9001324948,2020-09-07 17:28:45,2020-09-07 18:50:04,Male,27
9001324948,2020-08-28 13:15:47,2020-08-28 14:23:57,Male,38
9001324948,2020-08-31 09:00:17,2020-08-31 09:18:56,Male,22
9001324948,2020-09-07 16:57:40,2020-09-07 19:21:58,Male,22
9001324948,2020-09-03 17:21:58,2020-09-03 17:38:18,Male,26
9001324948,2020-09-22 16:50:21,2020-09-22 17:21:48,Female,34
9001324948,2020-09-06 08:14:01,2020-09-06 10:07:09,Male,39
9001324948,2020-09-11 08:07:30,2020-09-11 10:13:02,Female,29
9001324948,2020-08-31 09:47:58,2020-08-31 10:07:54,Male,40
9001324948,2020-08-25 10:44:48,2020-08-25 12:21:28,Male,19
9001324948,2020-08-29 12:46:07,2020-08-29 13:39:42,Female,26
9001324948,2020-08-27 14:52:19,2020-08-27 14:54:42,Female,33
9001324948,2020-09-10 16:05:36,2020-09-10 18:54:10,Female,26
9001324948,2020-08-29 13:46:07,2020-08-29 15:41:09,Female,23
9001324948,2020-08-28 16:44:06,2020-08-28 18:22:07,Male,23
9001324948,2020-09-07 08:49:58,2020-09-07 10:41:18,Male,28
9001324948,2020-09-23 13:52:50,2020-09-23 16:15:12,Female,36
9001324948,2020-08-26 17:29:37,2020-08-26 17:50:48,Female,32
9001324948,2020-08-26 09:45:34,2020-08-26 10:47:12,Male,28
9001324948,2020-09-07 14:59:22,2020-09-07 17:27:19,Female,31
9001324948,2020-09-19 15:11:15,2020-09-19 16:42:14,Male,27
9001324948,2020-08-31 13:03:49,2020-08-31 13:51:40,Male,40
9001324948,2020-09-11 08:14:06,2020-09-11 10:53:31,Female,23
9001324948,2020-09-21 08:33:27,2020-09-21 08:36:57,Female,35
9001324948,2020-08-26 13:58:46,2020-08-26 14:04:21,Male,35
9001324948,2020-09-09 14:01:58,2020-09-09 15:27:37,Male,29
9001324948,2020-09-07 11:01:18,2020-09-07 11:17:27,Female,30
9001324948,2020-09-11 14:31:08,2020-09-11 16:25:20,Female,21
9001324948,2020-08-28 13:09:51,2020-08-28 14:32:32,Male,20
9001324948,2020-09-04 12:33:31,2020-09-04 14:35:55,Female,29
9001324948,2020-09-05 13:41:19,2020-09-05 14:31:03,Female,24
9001324948,2020-09-17 12:32:08,2020-09-17 13:12:14,Female,20
9001324948,2020-09-07 17:14:54,2020-09-07 19:44:33,Female,19
9001324948,2020-09-06 09:13:15,2020-09-06 09:47:30,Female,28
9001324948,2020-08-27 14:29:23,2020-08-27 15:20:05,Female,28
9001324948,2020-08-30 18:40:16,2020-08-30 18:58:17,Female,38
9001324948,2020-09-06 13:12:11,2020-09-06 15:10:37,Female,19
9001324948,2020-08-26 08:19:32,2020-08-26 09:45:55,Male,33
9001324948,2020-08-28 14:22:22,2020-08-28 14:48:39,Male,23
9001324948,2020-09-19 12:07:59,2020-09-19 13:08:53,Male,32
9001324948,2020-09-15 12:09:27,2020-09-15 14:39:43,Female,23
9001324948,2020-09-11 17:10:50,2020-09-11 18:10:05,Male,33
9001324948,2020-08-29 08:15:43,2020-08-29 09:26:31,Female,26
9001324948,2020-09-17 16:57:39,2020-09-17 18:12:16,Female,35
9001324948,2020-09-10 10:30:05,2020-09-10 12:42:03,Female,40
9001324948,2020-09-05 14:44:44,2020-09-05 16:21:07,Male,22
9001324948,2020-09-22 10:16:42,2020-09-22 12:22:26,Male,23
9001324948,2020-09-01 14:44:26,2020-09-01 16:03:06,Female,36
9001324948,2020-09-22 08:52:51,2020-09-22 09:57:36,Male,36
9001324948,2020-09-11 15:52:34,2020-09-11 15:59:59,Female,35
9001324948,2020-08-28 14:14:53,2020-08-28 15:48:42,Female,34
9001324948,2020-09-09 11:18:08,2020-09-09 14:12:37,Male,24
9001324948,2020-09-04 18:10:27,2020-09-04 18:14:15,Male,34
9001324948,2020-09-07 12:23:19,2020-09-07 14:03:26,Female,19
9001324948,2020-09-19 16:33:34,2020-09-19 19:19:54,Female,31
9001324948,2020-09-11 16:41:22,2020-09-11 18:33:15,Male,40
9001324948,2020-08-27 15:16:48,2020-08-27 16:43:58,Female,35
9001324948,2020-09-18 12:51:57,2020-09-18 13:57:33,Female,36
9001324948,2020-09-11 17:27:03,2020-09-11 19:25:28,Female,37
9001324948,2020-08-29 16:23:36,2020-08-29 18:22:52,Male,37
9001324948,2020-09-20 15:08:37,2020-09-20 17:28:30,Male,25
9001324948,2020-08-29 14:16:12,2020-08-29 14:41:01,Male,20
9001324948,2020-08-25 13:29:43,2020-08-25 16:08:09,Male,29
9001324948,2020-09-17 10:50:08,2020-09-17 11:54:25,Female,26
9001324948,2020-09-16 17:02:08,2020-09-16 19:29:21,Male,35
9001324948,2020-09-04 14:41:43,2020-09-04 16:56:52,Male,20
9001324948,2020-09-17 15:39:31,2020-09-17 17:57:43,Male,22
9001324948,2020-09-13 08:35:31,2020-09-13 11:29:15,Male,32
9001324948,2020-09-17 09:48:30,2020-09-17 12:17:30,Female,19
9001324948,2020-09-08 14:39:53,2020-09-08 14:55:31,Male,18
9001324948,2020-09-04 14:06:16,2020-09-04 15:14:06,Female,38
9001324948,2020-09-17 16:33:23,2020-09-17 18:11:54,Female,37
9001324948,2020-09-23 09:05:13,2020-09-23 12:03:14,Female,28
9001324948,2020-09-03 09:44:36,2020-09-03 10:07:52,Male,31
9001324948,2020-09-12 18:07:44,2020-09-12 19:58:58,Female,29
9001324948,2020-09-17 11:48:07,2020-09-17 13:13:02,Female,18
9001324948,2020-08-31 15:04:12,2020-08-31 17:12:46,Female,38
9001324948,2020-09-15 11:28:18,2020-09-15 13:11:19,Male,24
9001324948,2020-09-08 11:15:53,2020-09-08 13:49:03,Female,32
9001324948,2020-09-04 12:41:33,2020-09-04 12:51:18,Male,25
9001324948,2020-09-08 11:14:23,2020-09-08 13:29:44,Female,29
9001324948,2020-09-17 09:56:38,2020-09-17 12:02:29,Female,26
9001324948,2020-09-01 14:49:41,2020-09-01 15:50:35,Male,23
9001324948,2020-09-09 15:38:57,2020-09-09 17:06:17,Male,29
9001324948,2020-09-02 09:35:41,2020-09-02 10:44:59,Female,28
9001324948,2020-09-23 16:02:17,2020-09-23 18:21:11,Female,34
9001324948,2020-09-18 12:07:30,2020-09-18 13:10:11,Male,24
9001324948,2020-09-22 10:11:39,2020-09-22 11:04:00,Female,38
9001324948,2020-09-12 11:17:49,2020-09-12 11:48:02,Male,38
9001324948,2020-09-02 12:50:55,2020-09-02 15:02:18,Male,29
9001324948,2020-09-19 17:11:00,2020-09-19 19:31:45,Female,33
9001324948,2020-09-14 09:50:34,2020-09-14 11:59:34,Female,22
9001324948,2020-09-07 09:28:52,2020-09-07 11:49:24,Male,34
9001324948,2020-08-27 13:41:43,2020-08-27 14:47:20,Female,18
9001324948,2020-09-04 11:30:57,2020-09-04 14:05:15,Male,19
9001324948,2020-09-20 15:27:46,2020-09-20 16:19:39,Female,39
9001324948,2020-08-25 11:30:58,2020-08-25 12:19:47,Male,31
9001324948,2020-09-02 10:33:12,2020-09-02 10:38:13,Male,31
9001324948,2020-09-11 13:43:52,2020-09-11 14:00:46,Female,36
9001324948,2020-09-07 16:48:41,2020-09-07 17:50:42,Female,19
9001324948,2020-08-26 12:10:31,2020-08-26 14:56:47,Female,36
9001324948,2020-08-28 16:02:45,2020-08-28 17:53:05,Female,31
9001324948,2020-09-06 17:41:57,2020-09-06 19:34:31,Male,26
9001324948,2020-09-11 17:31:43,2020-09-11 18:49:33,Female,24
9001324948,2020-09-23 11:21:27,2020-09-23 11:48:32,Female,25
9001324948,2020-09-12 12:23:44,2020-09-12 12:26:00,Female,26
9001324948,2020-09-24 18:03:03,2020-09-24 19:11:35,Male,23
9001324948,2020-09-24 14:28:22,2020-09-24 17:15:38,Male,27
9001324948,2020-09-09 10:12:27,2020-09-09 11:14:10,Male,20
9001324948,2020-09-04 18:16:21,2020-09-04 18:51:56,Female,27
9001324948,2020-09-16 11:51:05,2020-09-16 12:47:33,Female,34
9001324948,2020-09-11 10:42:19,2020-09-11 13:32:17,Female,25
9001324948,2020-09-12 08:03:00,2020-09-12 08:58:49,Female,32
9001324948,2020-09-20 12:06:43,2020-09-20 14:34:36,Male,34
9001324948,2020-09-19 16:14:26,2020-09-19 17:13:54,Male,29
9001324948,2020-08-30 13:47:21,2020-08-30 15:26:01,Male,24
9001324948,2020-08-31 12:46:30,2020-08-31 14:16:11,Female,32
9001324948,2020-08-31 09:26:12,2020-08-31 11:19:12,Female,27
9001324948,2020-08-26 10:38:56,2020-08-26 10:58:40,Female,37
9001324948,2020-09-05 08:30:32,2020-09-05 10:41:34,Male,28
9001324948,2020-09-03 08:49:29,2020-09-03 09:47:49,Male,22
9001324948,2020-09-15 14:02:13,2020-09-15 14:08:22,Female,29
9001324948,2020-09-08 13:40:10,2020-09-08 15:16:55,Male,28
9001324948,2020-09-16 16:44:47,2020-09-16 18:58:03,Male,32
9001324948,2020-09-15 16:49:27,2020-09-15 18:36:37,Male,24
9001324948,2020-08-29 19:01:54,2020-08-29 19:22:04,Female,31
9001324948,2020-08-31 08:50:46,2020-08-31 11:05:26,Male,39
9001324948,2020-09-14 15:00:40,2020-09-14 17:23:44,Female,23
9001324948,2020-08-28 16:35:46,2020-08-28 16:58:00,Female,25
9001324948,2020-09-16 12:37:24,2020-09-16 12:38:20,Female,30
9001324948,2020-09-22 11:41:56,2020-09-22 12:44:24,Female,18
9001324948,2020-09-15 17:35:50,2020-09-15 17:42:03,Male,27
9001324948,2020-09-18 10:05:54,2020-09-18 11:36:01,Female,25
9001324948,2020-09-24 16:40:47,2020-09-24 18:24:19,Male,29
9001324948,2020-09-20 11:09:57,2020-09-20 12:23:10,Female,22
9001324948,2020-08-29 18:37:26,2020-08-29 18:55:13,Female,22
9001324948,2020-09-14 08:08:41,2020-09-14 10:43:30,Male,29
9001324948,2020-09-07 10:19:44,2020-09-07 13:01:35,Female,28
9001324948,2020-09-21 12:58:48,2020-09-21 15:39:19,Male,39
9001324948,2020-08-26 18:48:35,2020-08-26 18:57:45,Male,23
9001324948,2020-09-14 11:17:04,2020-09-14 13:16:10,Male,25
9001324948,2020-09-10 16:04:07,2020-09-10 17:16:25,Male,32
9001324948,2020-09-19 13:07:32,2020-09-19 15:10:32,Female,32
9001324948,2020-08-25 10:44:47,2020-08-25 11:40:06,Female,20
9001324948,2020-08-27 17:59:58,2020-08-27 18:18:59,Male,30
9001324948,2020-08-25 08:15:00,2020-08-25 10:36:33,Female,38
9001324948,2020-09-21 16:51:38,2020-09-21 18:59:46,Female,30
9001324948,2020-09-24 15:18:05,2020-09-24 16:00:11,Female,33
9001324948,2020-08-26 10:10:20,2020-08-26 12:23:06,Female,35
9001324948,2020-09-03 17:59:52,2020-09-03 19:37:46,Male,40
9001324948,2020-09-09 09:24:29,2020-09-09 09:39:18,Female,24
9001324948,2020-09-01 12:16:13,2020-09-01 13:18:13,Female,32
9001324948,2020-09-15 09:12:13,2020-09-15 10:22:29,Male,26
9001324948,2020-09-24 13:09:50,2020-09-24 13:29:14,Female,30
9001324948,2020-09-12 08:42:24,2020-09-12 10:21:53,Male,40
9001324948,2020-09-19 08:32:04,2020-09-19 10:08:16,Male,30
9001324948,2020-09-04 14:44:51,2020-09-04 15:45:51,Female,20
9001324948,2020-09-22 17:15:44,2020-09-22 19:01:48,Female,35
9001324948,2020-09-18 10:47:49,2020-09-18 11:44:26,Male,22
9001324948,2020-09-08 13:48:52,2020-09-08 15:33:13,Female,36
9001324948,2020-09-16 18:41:26,2020-09-16 19:16:10,Female,40
9001324948,2020-08-29 10:46:46,2020-08-29 13:13:38,Female,24
9001324948,2020-08-29 15:16:27,2020-08-29 16:02:16,Female,37
9001324948,2020-09-23 17:09:59,2020-09-23 17:51:24,Male,39
9001324948,2020-09-14 14:58:21,2020-09-14 15:02:53,Male,27
9001324948,2020-08-26 13:46:20,2020-08-26 15:07:30,Male,19
9001324948,2020-08-29 17:41:37,2020-08-29 18:06:46,Male,25
9001324948,2020-09-06 17:15:00,2020-09-06 18:46:38,Female,35
9001324948,2020-09-19 16:26:59,2020-09-19 19:22:37,Male,35
9001324948,2020-09-18 17:25:17,2020-09-18 18:00:25,Female,30
9001324948,2020-09-14 12:49:17,2020-09-14 13:05:39,Male,24
9001324948,2020-09-18 15:07:56,2020-09-18 16:37:42,Female,35
9001324948,2020-08-26 13:58:05,2020-08-26 15:33:25,Male,25
9001324948,2020-09-07 16:24:48,2020-09-07 16:47:42,Female,22
9001324948,2020-09-01 12:09:11,2020-09-01 12:46:32,Male,33
9001324948,2020-09-24 13:26:09,2020-09-24 14:00:11,Male,32
9001324948,2020-09-05 12:57:20,2020-09-05 13:12:17,Female,39
9001324948,2020-08-26 11:07:50,2020-08-26 12:45:10,Female,21
9000224185,2020-09-13 08:12:52,2020-09-13 10:14:56,Female,27
9002158728,2020-09-24 08:39:58,2020-09-24 09:24:23,Female,35
9002158728,2020-09-17 08:41:06,2020-09-17 09:10:16,Female,31
9002158728,2020-09-09 08:38:13,2020-09-09 10:42:35,Female,26
9002158728,2020-09-21 09:08:31,2020-09-21 10:13:21,Female,36
9002588820,2020-09-13 11:59:16,2020-09-13 13:42:36,Male,29
9002823249,2020-09-14 11:53:55,2020-09-14 12:21:14,Female,33
9002823249,2020-09-20 15:29:48,2020-09-20 17:03:35,Male,35
9002823249,2020-08-28 13:12:34,2020-08-28 13:28:37,Male,24
9004972630,2020-09-01 08:12:35,2020-09-01 10:40:18,Female,28
9004972630,2020-09-14 08:21:40,2020-09-14 10:29:17,Female,35
9005359887,2020-09-19 11:48:35,2020-09-19 14:40:12,Male,20
9006046755,2020-09-15 13:46:54,2020-09-15 16:25:09,Male,31
9006383078,2020-09-14 09:50:31,2020-09-14 12:41:58,Male,29
9006452446,2020-09-19 10:14:43,2020-09-19 11:35:40,Female,36
9007315217,2020-09-24 13:11:36,2020-09-24 14:16:52,Female,30
9007512271,2020-09-16 13:54:43,2020-09-16 14:26:29,Female,19
9007525427,2020-09-18 09:08:27,2020-09-18 11:19:22,Male,32
9007600333,2020-09-09 08:11:19,2020-09-09 08:32:25,Male,37
9007617896,2020-09-17 15:31:18,2020-09-17 17:19:24,Male,32
9007617896,2020-08-27 15:12:11,2020-08-27 16:00:15,Male,19
9007695506,2020-08-28 15:16:41,2020-08-28 17:31:26,Male,40
9007695506,2020-09-01 14:13:54,2020-09-01 16:59:11,Male,39
9007723859,2020-08-30 11:52:39,2020-08-30 12:40:02,Female,26
9007723937,2020-09-16 14:13:55,2020-09-16 15:39:03,Female,24
9007726771,2020-08-25 14:14:38,2020-08-25 16:02:40,Female,26
9007857304,2020-08-30 11:49:29,2020-08-30 14:35:42,Female,24
9007920068,2020-09-13 13:27:36,2020-09-13 14:48:20,Male,37
9007931209,2020-09-03 12:13:46,2020-09-03 14:11:27,Female,34
9008025069,2020-09-09 12:46:15,2020-09-09 13:03:44,Male,19
9008191027,2020-09-06 14:18:09,2020-09-06 15:09:53,Male,36
9008210189,2020-09-23 15:31:25,2020-09-23 18:18:19,Female,39
9008242962,2020-09-21 10:41:59,2020-09-21 12:46:46,Female,29
9008380203,2020-08-28 14:28:54,2020-08-28 16:56:53,Male,18
9008388419,2020-09-12 13:51:45,2020-09-12 16:14:27,Female,33
9008388419,2020-09-02 15:36:37,2020-09-02 15:50:42,Male,32
9008416928,2020-08-24 13:12:11,2020-08-24 15:40:35,Female,34
9008416928,2020-08-30 08:07:21,2020-08-30 09:54:10,Male,19
9008416928,2020-08-25 09:48:27,2020-08-25 10:24:02,Female,25
9008416928,2020-09-21 09:35:51,2020-09-21 12:15:48,Female,38
9008524425,2020-09-17 14:04:52,2020-09-17 16:06:59,Male,38
9008814884,2020-09-01 11:51:34,2020-09-01 12:04:44,Male,38
9008814884,2020-09-05 12:06:44,2020-09-05 12:53:55,Female,25
9009389692,2020-09-04 14:47:34,2020-09-04 15:39:53,Female,40
9010017280,2020-08-28 14:38:20,2020-08-28 17:04:24,Male,33
9010017280,2020-09-14 09:51:30,2020-09-14 11:46:21,Female,28
9010643581,2020-09-21 14:56:59,2020-09-21 15:02:17,Male,19
9010643581,2020-09-02 10:23:00,2020-09-02 13:06:35,Female,29
9010643581,2020-09-07 13:12:26,2020-09-07 13:24:36,Male,23
9010990031,2020-09-01 13:55:24,2020-09-01 16:25:45,Female,39
9011252254,2020-09-04 09:04:37,2020-09-04 10:45:58,Female,35
9011265020,2020-09-20 12:49:42,2020-09-20 14:52:03,Female,38
9011401117,2020-08-25 11:58:23,2020-08-25 13:17:29,Male,27
9011405966,2020-09-24 12:50:52,2020-09-24 14:50:57,Female,24
9011405966,2020-09-22 08:32:56,2020-09-22 11:26:41,Male,19
9011547588,2020-09-04 13:37:27,2020-09-04 13:50:23,Male,25
9011799073,2020-09-14 13:20:06,2020-09-14 15:03:18,Male,19
9011859445,2020-09-21 10:19:58,2020-09-21 10:32:17,Female,27
9011859601,2020-09-17 09:15:08,2020-09-17 11:45:24,Female,27
9011877710,2020-09-07 10:06:24,2020-09-07 12:32:23,Female,34
9011990628,2020-09-07 14:11:21,2020-09-07 16:49:29,Female,20
9012078612,2020-09-12 15:34:53,2020-09-12 16:10:03,Male,25
9012160304,2020-09-03 12:22:48,2020-09-03 14:56:11,Female,21
9012350286,2020-09-20 13:07:27,2020-09-20 13:18:44,Female,33
9012386192,2020-08-31 14:17:21,2020-08-31 16:05:54,Male,25
9012403443,2020-08-29 08:54:39,2020-08-29 09:54:01,Female,36
9012437061,2020-08-29 08:08:10,2020-08-29 09:08:00,Male,28
9012437061,2020-09-19 12:26:19,2020-09-19 14:33:26,Female,26
9012532962,2020-09-04 10:05:33,2020-09-04 12:55:40,Female,39
9012580464,2020-09-09 10:48:00,2020-09-09 10:55:34,Male,37
9012621284,2020-09-19 08:53:06,2020-09-19 09:52:00,Male,28
9012621284,2020-09-08 13:19:15,2020-09-08 14:23:36,Male,38
9012621284,2020-09-19 14:28:08,2020-09-19 16:15:21,Male,33
9012749490,2020-09-21 12:40:28,2020-09-21 13:54:40,Male,24
9012813970,2020-09-20 15:13:07,2020-09-20 15:36:41,Male,38
9012864124,2020-09-01 09:29:48,2020-09-01 09:32:02,Female,27
9012864124,2020-09-03 14:45:13,2020-09-03 16:01:08,Female,39
9012895831,2020-08-27 14:13:22,2020-08-27 15:55:00,Male,26
9012916150,2020-09-15 10:40:32,2020-09-15 12:30:53,Male,38
9012916150,2020-08-26 12:19:41,2020-08-26 14:55:15,Female,26
9013018343,2020-09-02 14:46:52,2020-09-02 15:34:13,Male,40
9013043407,2020-09-05 12:31:52,2020-09-05 13:51:13,Female,20
9013072995,2020-09-08 15:17:56,2020-09-08 17:38:03,Female,27
9013074100,2020-08-28 15:40:06,2020-08-28 18:07:31,Male,29
9013136370,2020-08-25 10:23:22,2020-08-25 12:22:08,Female,39
9013137397,2020-09-16 13:03:38,2020-09-16 13:21:07,Male,40
9013137397,2020-09-08 11:03:23,2020-09-08 13:07:27,Male,37
9013236379,2020-09-13 14:37:03,2020-09-13 15:00:25,Male,33
9013311246,2020-09-18 11:30:08,2020-09-18 13:55:13,Female,32
9013315705,2020-09-19 12:10:13,2020-09-19 12:12:00,Male,36
9013315705,2020-09-06 12:49:19,2020-09-06 14:56:32,Female,18
9013348179,2020-09-24 13:57:20,2020-09-24 14:51:42,Male,32
9013360763,2020-09-16 08:06:32,2020-09-16 10:41:32,Male,32
9013360763,2020-08-28 10:35:53,2020-08-28 10:53:33,Male,27
9013360763,2020-08-26 09:57:50,2020-08-26 10:29:16,Male,32
9014303627,2020-08-25 15:17:13,2020-08-25 16:36:51,Female,26
9014327131,2020-09-05 08:47:00,2020-09-05 09:04:45,Male,31
9014332318,2020-09-02 10:32:27,2020-09-02 10:37:33,Male,33
9014353053,2020-08-25 14:02:37,2020-08-25 14:33:10,Female,38
9000099333,2020-09-08 15:12:09,2020-09-08 18:07:54,Male,22
9000140596,2020-08-29 09:15:39,2020-08-29 11:09:00,Female,24
9000140596,2020-09-08 14:21:16,2020-09-08 15:48:09,Female,26
9000140596,2020-09-19 15:32:55,2020-09-19 16:13:08,Male,21
9000279020,2020-09-01 09:31:29,2020-09-01 09:46:44,Female,28
9000324949,2020-09-13 13:23:58,2020-09-13 16:01:06,Female,38
9000324949,2020-09-02 14:16:53,2020-09-02 15:18:29,Male,25
9000357750,2020-09-14 11:33:47,2020-09-14 12:08:06,Male,19
9000396204,2020-08-26 12:57:00,2020-08-26 14:13:59,Female,20
9000429068,2020-09-22 10:00:51,2020-09-22 11:31:27,Female,24
9000478014,2020-09-18 10:55:36,2020-09-18 13:37:13,Female,32
9000575790,2020-09-14 11:43:28,2020-09-14 12:13:01,Male,20
9000575790,2020-09-10 08:58:41,2020-09-10 10:46:05,Male,37
9000613217,2020-09-22 11:50:57,2020-09-22 12:10:29,Male,32
9000629025,2020-09-21 11:09:35,2020-09-21 13:00:39,Female,38
9000631118,2020-09-11 12:12:32,2020-09-11 12:42:12,Female,22
9000703555,2020-09-14 12:33:34,2020-09-14 14:00:16,Female,26
9000719246,2020-09-10 13:18:29,2020-09-10 16:14:55,Male,30
9000734521,2020-09-17 09:11:49,2020-09-17 09:17:24,Female,20
9000851196,2020-09-20 13:58:53,2020-09-20 14:10:41,Male,38
9000858658,2020-09-17 09:59:14,2020-09-17 10:41:49,Male,29
9000866094,2020-09-07 08:41:11,2020-09-07 11:22:43,Male,39
9000868213,2020-08-30 08:11:30,2020-08-30 10:27:00,Male,20
9000868213,2020-09-04 14:21:55,2020-09-04 16:30:17,Female,20
9000868213,2020-08-24 14:51:50,2020-08-24 16:53:30,Male,29
9000946018,2020-09-20 12:10:33,2020-09-20 14:39:23,Male,20
9000955625,2020-09-15 11:27:34,2020-09-15 14:20:25,Male,27
9000974254,2020-09-20 13:07:30,2020-09-20 15:58:59,Female,38
9000977738,2020-08-24 14:04:03,2020-08-24 16:06:58,Male,35
9001020092,2020-08-27 10:14:39,2020-08-27 12:47:57,Female,37
9001020092,2020-08-25 15:37:14,2020-08-25 17:35:46,Female,39
9001020092,2020-08-30 08:16:03,2020-08-30 08:24:19,Female,40
9001021106,2020-08-29 14:18:31,2020-08-29 16:48:34,Male,33
9001075173,2020-09-17 14:48:48,2020-09-17 15:32:55,Male,34
9001088057,2020-08-26 12:49:14,2020-08-26 14:05:07,Male,31
9001141865,2020-08-26 08:11:55,2020-08-26 08:22:41,Female,33
9001141865,2020-09-20 08:56:28,2020-09-20 10:57:27,Female,34
9001141865,2020-09-07 11:04:57,2020-09-07 12:04:21,Male,22
9001148690,2020-09-15 10:09:03,2020-09-15 11:35:54,Female,26
9001148690,2020-08-29 12:23:57,2020-08-29 14:06:54,Male,27
9001149002,2020-09-17 14:19:22,2020-09-17 16:36:04,Male,19
9001149002,2020-09-03 13:30:22,2020-09-03 14:19:46,Male,40
9001149990,2020-09-16 14:05:40,2020-09-16 14:23:11,Male,40
9001151641,2020-08-31 13:46:44,2020-08-31 16:40:21,Female,35
9001152759,2020-09-12 13:12:52,2020-09-12 16:11:18,Female,28
9001160221,2020-08-29 08:01:29,2020-08-29 09:13:12,Male,40
9001163107,2020-08-30 12:27:38,2020-08-30 13:55:52,Male,23
9001181372,2020-09-11 08:53:57,2020-09-11 09:56:51,Female,33
9001181372,2020-09-07 14:08:38,2020-09-07 16:58:19,Male,24
9001182100,2020-09-21 11:32:00,2020-09-21 13:40:55,Female,31
9001182100,2020-09-14 11:06:44,2020-09-14 11:59:25,Female,32
9001184674,2020-08-29 15:00:39,2020-08-29 15:22:35,Male,37
9001206657,2020-09-03 13:08:10,2020-09-03 15:15:28,Male,39
9001206657,2020-08-29 09:40:19,2020-08-29 11:54:27,Female,22
9001226573,2020-08-30 13:18:49,2020-08-30 13:47:04,Female,32
9001226573,2020-09-13 10:58:07,2020-09-13 11:53:28,Female,20
9001256369,2020-09-18 09:51:52,2020-09-18 12:35:47,Female,38
9001259372,2020-09-10 11:48:10,2020-09-10 12:09:50,Male,19
9001263337,2020-09-22 10:59:34,2020-09-22 11:30:23,Male,18
9001292535,2020-09-10 13:12:35,2020-09-10 15:38:26,Female,28
9001293900,2020-09-20 12:22:41,2020-09-20 12:51:14,Female,36
9001293900,2020-09-02 14:24:32,2020-09-02 15:34:20,Female,30
9001295252,2020-09-02 13:59:46,2020-09-02 16:26:28,Female,18
9001312399,2020-09-15 08:42:57,2020-09-15 08:49:30,Male,29
9001325919,2020-09-24 13:02:57,2020-09-24 15:37:04,Female,19
9001354753,2020-09-14 14:38:34,2020-09-14 16:10:23,Female,33
9001354753,2020-09-17 10:49:57,2020-09-17 11:53:38,Male,19
9001359615,2020-08-30 09:07:17,2020-08-30 10:40:17,Male,37
9001359615,2020-09-11 12:42:24,2020-09-11 13:56:44,Female,30
9001366960,2020-09-04 08:21:18,2020-09-04 08:53:58,Male,39
9001374591,2020-09-07 12:39:57,2020-09-07 14:46:20,Male,18
9001374591,2020-08-30 09:36:53,2020-08-30 12:09:01,Female,21
9001380974,2020-09-21 09:44:49,2020-09-21 10:33:26,Male,39
9001385511,2020-09-14 14:08:07,2020-09-14 16:02:19,Male,27
9001386512,2020-08-31 08:02:05,2020-08-31 08:06:23,Female,21
9001386512,2020-09-19 15:14:44,2020-09-19 17:32:09,Female,32
9001408495,2020-08-31 08:53:56,2020-08-31 10:53:34,Female,18
9001408495,2020-09-13 15:30:44,2020-09-13 16:01:29,Male,23
9001408495,2020-08-27 08:06:18,2020-08-27 10:58:31,Female,31
9001428476,2020-08-27 13:59:51,2020-08-27 16:36:28,Female,36
9001437667,2020-08-31 15:14:59,2020-08-31 15:30:50,Male,39
9001481698,2020-08-31 13:14:22,2020-08-31 13:16:17,Female,23
9001491201,2020-09-05 15:02:02,2020-09-05 16:26:16,Female,34
9001494711,2020-09-11 14:21:52,2020-09-11 14:55:02,Male,27
9001540538,2020-09-10 15:09:49,2020-09-10 16:16:56,Male,26
9001547207,2020-09-01 13:21:10,2020-09-01 15:24:21,Female,19
9001547207,2020-09-19 14:18:21,2020-09-19 14:27:52,Male,37
9001547207,2020-09-18 12:19:45,2020-09-18 12:58:04,Male,39
9001547207,2020-09-20 14:55:46,2020-09-20 16:44:31,Female,28
9001566200,2020-08-26 09:40:38,2020-08-26 09:54:23,Female,30
9001566200,2020-09-05 08:22:33,2020-09-05 10:37:35,Male,31
9001605382,2020-08-25 13:14:59,2020-08-25 13:40:34,Female,22
9001651532,2020-08-25 14:58:45,2020-08-25 16:52:36,Male,33
9001667093,2020-09-15 15:24:24,2020-09-15 16:30:29,Female,23
9001667821,2020-08-24 09:28:26,2020-08-24 09:52:52,Female,38
9001684422,2020-09-02 12:20:46,2020-09-02 14:37:02,Male,39
9001717182,2020-09-14 13:03:53,2020-09-14 15:22:46,Female,31
9001730143,2020-09-16 10:22:00,2020-09-16 11:56:40,Male,28
9001763540,2020-09-13 11:44:40,2020-09-13 13:41:58,Male,38
9001771665,2020-08-26 11:07:13,2020-08-26 13:28:47,Male,40
9001898662,2020-08-25 10:28:43,2020-08-25 11:30:11,Male,18
9001898662,2020-09-22 08:38:49,2020-09-22 09:29:50,Male,23
9001898662,2020-09-23 09:25:51,2020-09-23 10:38:30,Male,37
9000189475,2020-09-20 12:58:16,2020-09-20 13:26:11,Female,25
9000235469,2020-09-03 09:35:36,2020-09-03 12:06:21,Male,28
9000489372,2020-09-09 15:11:32,2020-09-09 17:04:26,Female,30
9000489372,2020-09-02 15:19:20,2020-09-02 16:29:03,Female,29
9000628004,2020-09-20 15:00:00,2020-09-20 17:26:15,Female,29
9000628004,2020-08-31 09:56:01,2020-08-31 12:26:26,Male,38
9000663065,2020-09-19 12:28:11,2020-09-19 13:20:16,Male,25
9000794547,2020-09-04 15:14:16,2020-09-04 17:16:31,Female,20
9000794547,2020-09-02 15:40:20,2020-09-02 15:49:13,Female,31
9000794547,2020-08-24 15:09:38,2020-08-24 17:58:37,Female,40
9000842335,2020-09-21 15:32:30,2020-09-21 18:26:52,Female,33
9000989183,2020-09-19 15:38:28,2020-09-19 16:29:18,Female,20
9001004978,2020-09-16 15:00:42,2020-09-16 16:17:47,Male,39
9001228448,2020-08-29 14:42:01,2020-08-29 15:11:07,Female,37
9001228448,2020-09-18 09:04:37,2020-09-18 10:31:25,Female,38
9001280604,2020-09-17 14:48:24,2020-09-17 16:26:26,Female,22
9001281488,2020-08-29 13:25:17,2020-08-29 14:23:22,Female,23
9001281488,2020-09-16 11:22:29,2020-09-16 11:57:26,Female,18
9001285609,2020-09-15 11:03:59,2020-09-15 13:33:26,Male,23
9001340937,2020-09-13 15:01:36,2020-09-13 16:27:43,Male,39
9001348919,2020-09-06 14:09:56,2020-09-06 14:50:47,Female,25
9001348919,2020-08-29 14:31:08,2020-08-29 17:12:57,Male,40
9001349868,2020-08-24 11:25:50,2020-08-24 12:35:07,Female,30
9001416441,2020-09-12 08:35:41,2020-09-12 09:09:10,Female,40
9001416441,2020-08-25 09:55:16,2020-08-25 10:29:24,Female,37
9001416441,2020-09-23 11:21:52,2020-09-23 13:25:51,Male,20
9001707628,2020-09-13 11:15:26,2020-09-13 13:31:22,Male,19
9002299752,2020-08-24 13:22:17,2020-08-24 15:15:06,Female,31
9002609945,2020-09-13 12:39:57,2020-09-13 13:09:10,Female,37
9002609945,2020-08-26 11:49:33,2020-08-26 14:33:55,Male,39
9002787083,2020-09-13 10:33:55,2020-09-13 12:18:07,Male,19
9002850120,2020-08-31 09:21:11,2020-08-31 09:21:40,Female,28
9003017469,2020-09-11 08:37:26,2020-09-11 10:02:40,Female,18
9003028896,2020-09-10 08:29:45,2020-09-10 09:10:58,Female,35
9003028896,2020-09-11 12:10:51,2020-09-11 13:18:01,Female,29
9003028896,2020-09-15 12:21:25,2020-09-15 14:35:01,Female,22
9003064906,2020-09-16 08:20:12,2020-09-16 09:37:43,Male,39
9003064906,2020-09-19 08:12:57,2020-09-19 10:43:05,Female,32
9003064906,2020-09-20 11:34:50,2020-09-20 12:39:24,Male,32
9003214315,2020-09-23 14:23:24,2020-09-23 14:33:10,Female,30
9003238989,2020-09-17 12:44:41,2020-09-17 14:03:02,Male,34
9003263403,2020-09-17 08:25:54,2020-09-17 09:57:19,Male,24
9003263403,2020-09-15 10:42:31,2020-09-15 13:40:05,Male,19
9003263403,2020-08-30 09:57:47,2020-08-30 11:41:14,Male,40
9003263403,2020-09-05 12:07:50,2020-09-05 12:36:13,Male,35
9003448393,2020-09-22 14:29:47,2020-09-22 17:17:24,Female,39
9003563300,2020-09-11 11:35:28,2020-09-11 14:25:04,Female,23
9003625323,2020-08-31 14:16:02,2020-08-31 15:11:36,Male,38
9003686033,2020-09-04 08:29:08,2020-09-04 09:32:33,Male,27
9003697408,2020-09-22 11:25:11,2020-09-22 13:19:42,Female,30
9003697408,2020-08-31 14:58:49,2020-08-31 15:29:07,Male,19
9003707301,2020-09-23 12:33:41,2020-09-23 12:43:02,Male,35
9003723330,2020-08-27 10:43:55,2020-08-27 10:51:55,Female,21
9003752086,2020-09-13 08:53:30,2020-09-13 09:30:35,Male,30
9003773016,2020-09-12 11:29:55,2020-09-12 13:08:19,Male,21
9003773016,2020-09-06 11:32:37,2020-09-06 11:34:58,Female,40
9003773016,2020-09-18 14:18:26,2020-09-18 17:07:43,Male,25
9003773016,2020-09-23 13:01:26,2020-09-23 16:00:05,Female,23
9003787043,2020-09-09 15:10:05,2020-09-09 15:49:36,Male,25
9003788616,2020-08-31 10:48:27,2020-08-31 12:25:20,Female,36
9003793998,2020-09-03 14:54:52,2020-09-03 15:38:06,Female,28
9003793998,2020-09-01 10:19:58,2020-09-01 10:34:39,Female,21
9003810352,2020-09-12 11:41:53,2020-09-12 12:08:45,Female,25
9003812406,2020-09-18 14:46:02,2020-09-18 15:35:54,Male,25
9003812471,2020-09-15 15:10:35,2020-09-15 17:27:28,Female,39
9003812471,2020-08-30 10:54:59,2020-08-30 11:54:05,Female,20
9003827616,2020-09-08 15:37:32,2020-09-08 17:02:53,Female,31
9003830359,2020-08-29 09:42:53,2020-08-29 11:32:13,Female,36
9003888872,2020-09-04 13:01:37,2020-09-04 13:34:54,Female,21
9003889509,2020-09-04 08:44:13,2020-09-04 10:35:35,Male,21
9003897907,2020-08-26 13:52:35,2020-08-26 15:55:36,Female,32
9003933085,2020-09-19 13:16:48,2020-09-19 13:41:44,Male,34
9003942029,2020-09-12 10:06:37,2020-09-12 12:08:30,Male,40
9003947125,2020-09-11 15:00:36,2020-09-11 16:42:01,Male,29
9003989167,2020-08-24 11:23:25,2020-08-24 14:11:27,Female,18
9003989167,2020-09-15 14:06:45,2020-09-15 15:09:44,Male,18
9004014452,2020-09-21 14:03:21,2020-09-21 16:38:31,Male,24
9004014452,2020-09-07 14:34:07,2020-09-07 14:35:04,Male,22
9004014452,2020-09-06 13:17:16,2020-09-06 13:58:19,Male,23
9004016025,2020-09-17 13:45:30,2020-09-17 16:13:01,Male,23
9004034134,2020-09-23 10:31:12,2020-09-23 13:19:23,Female,19
9004034134,2020-08-27 11:18:26,2020-08-27 14:13:00,Female,40
9004038502,2020-09-20 11:37:14,2020-09-20 13:19:04,Female,38
9004048122,2020-09-20 12:17:57,2020-09-20 13:36:26,Female,26
9004048122,2020-08-25 11:24:19,2020-08-25 11:31:43,Female,20
9004049994,2020-09-19 09:48:03,2020-09-19 11:43:39,Male,20
9004063514,2020-09-02 13:42:24,2020-09-02 14:44:07,Male,39
9004063514,2020-09-05 14:54:45,2020-09-05 16:06:46,Female,31
9004063514,2020-09-22 09:39:20,2020-09-22 12:15:01,Female,35
9004079114,2020-09-07 10:06:55,2020-09-07 13:05:09,Male,24
9004079114,2020-09-08 09:49:16,2020-09-08 12:04:10,Male,18
9004085458,2020-08-24 09:12:26,2020-08-24 10:36:14,Male,29
9004091464,2020-09-19 08:34:31,2020-09-19 10:09:42,Male,20
9004126811,2020-09-05 08:16:46,2020-09-05 08:59:32,Female,20
9004179851,2020-09-01 09:21:07,2020-09-01 10:54:10,Female,19
9004199338,2020-09-14 09:25:10,2020-09-14 10:13:00,Male,22
9004219228,2020-08-27 11:24:58,2020-08-27 12:03:09,Female,34
9004219228,2020-08-24 10:49:03,2020-08-24 11:03:49,Male,37
9004236518,2020-09-04 12:30:21,2020-09-04 14:37:09,Female,36
9004239053,2020-08-28 13:46:19,2020-08-28 15:43:15,Male,20
9004241887,2020-09-03 09:46:59,2020-09-03 11:57:08,Male,22
9004241887,2020-09-09 14:45:17,2020-09-09 16:08:10,Male,31
9004241887,2020-09-15 09:54:32,2020-09-15 10:19:05,Female,23
9004253951,2020-09-23 14:44:29,2020-09-23 16:46:04,Male,39
9004274881,2020-08-25 11:02:12,2020-08-25 11:53:04,Male,22
9004299139,2020-09-10 14:10:00,2020-09-10 15:31:51,Male,26
9004308980,2020-08-30 11:57:30,2020-08-30 14:21:16,Female,35
9004308980,2020-09-19 08:53:17,2020-09-19 09:20:26,Male,30
9004310644,2020-08-27 15:12:22,2020-08-27 16:20:50,Female,24
9000224185,2020-08-28 08:08:48,2020-08-28 10:16:57,Male,40
9002158728,2020-09-23 09:28:15,2020-09-23 09:36:34,Male,29
9002158728,2020-08-26 12:44:16,2020-08-26 15:24:13,Female,23
9002158728,2020-09-13 09:56:36,2020-09-13 10:39:13,Female,37
9002158728,2020-09-07 08:23:54,2020-09-07 08:56:26,Female,19
9002588820,2020-08-25 10:59:52,2020-08-25 11:15:49,Female,32
9002823249,2020-09-21 11:59:38,2020-09-21 14:24:20,Female,35
9002823249,2020-09-19 12:37:53,2020-09-19 13:18:18,Female,28
9002823249,2020-08-29 11:40:30,2020-08-29 13:31:41,Female,36
9004972630,2020-09-01 08:43:22,2020-09-01 09:34:51,Male,37
9004972630,2020-09-01 12:43:44,2020-09-01 15:43:16,Female,18
9005359887,2020-09-09 12:07:57,2020-09-09 13:19:11,Male,21
9006046755,2020-09-04 12:33:07,2020-09-04 13:01:07,Female,26
9006383078,2020-09-02 08:30:30,2020-09-02 10:19:50,Male,39
9006452446,2020-09-06 11:06:54,2020-09-06 13:25:47,Female,38
9007315217,2020-08-28 08:38:01,2020-08-28 09:07:41,Male,38
9007512271,2020-09-07 09:05:48,2020-09-07 09:33:47,Female,31
9007525427,2020-08-24 12:19:28,2020-08-24 14:11:49,Male,21
9007600333,2020-09-24 08:20:02,2020-09-24 09:37:57,Male,32
9007617896,2020-08-25 08:49:37,2020-08-25 11:29:54,Male,29
9007617896,2020-08-30 10:51:35,2020-08-30 12:55:24,Female,38
9007695506,2020-08-26 10:37:47,2020-08-26 11:57:13,Male,18
9007695506,2020-08-31 11:25:04,2020-08-31 12:17:59,Female,35
9007723859,2020-08-30 08:01:03,2020-08-30 09:37:51,Male,19
9007723937,2020-09-22 08:20:47,2020-09-22 10:52:06,Male,23
9007726771,2020-09-16 09:24:21,2020-09-16 10:57:59,Female,26
9007857304,2020-09-18 12:02:32,2020-09-18 12:11:52,Female,19
9007920068,2020-09-21 12:26:32,2020-09-21 14:37:00,Male,40
9007931209,2020-09-13 10:07:33,2020-09-13 12:22:42,Male,35
9008025069,2020-09-11 11:18:46,2020-09-11 12:58:01,Female,35
9008191027,2020-08-24 08:31:35,2020-08-24 09:30:44,Male,33
9008210189,2020-09-17 09:21:35,2020-09-17 11:09:08,Male,28
9008242962,2020-09-06 08:06:25,2020-09-06 08:30:52,Female,37
9008380203,2020-09-18 08:24:35,2020-09-18 09:46:07,Female,25
9008388419,2020-09-01 11:18:00,2020-09-01 12:49:54,Female,26
9008388419,2020-08-25 09:49:10,2020-08-25 12:33:59,Female,27
9008416928,2020-08-26 10:56:44,2020-08-26 13:48:02,Female,37
9008416928,2020-09-02 09:19:54,2020-09-02 11:18:53,Male,34
9008416928,2020-09-23 12:40:04,2020-09-23 14:47:29,Female,21
9008416928,2020-08-25 08:43:28,2020-08-25 10:18:42,Male,22
9008524425,2020-09-23 08:44:01,2020-09-23 09:27:23,Female,25
9008814884,2020-09-21 11:46:19,2020-09-21 14:07:26,Female,27
9008814884,2020-08-26 10:08:00,2020-08-26 12:46:08,Male,32
9009389692,2020-09-17 10:51:43,2020-09-17 11:40:35,Male,20
9010017280,2020-08-31 10:37:55,2020-08-31 11:52:09,Female,28
9010017280,2020-09-19 09:53:15,2020-09-19 12:25:54,Male,38
9010643581,2020-09-08 10:32:10,2020-09-08 12:29:40,Male,18
9010643581,2020-09-16 10:20:25,2020-09-16 11:46:13,Male,36
9010643581,2020-09-23 08:43:23,2020-09-23 10:03:29,Female,39
9010990031,2020-09-19 10:46:12,2020-09-19 13:18:38,Female,21
9011252254,2020-09-11 11:07:30,2020-09-11 12:26:00,Male,35
9011265020,2020-09-02 11:05:09,2020-09-02 12:23:19,Male,28
9011401117,2020-09-06 09:22:22,2020-09-06 10:24:05,Male,32
9011405966,2020-09-03 11:41:38,2020-09-03 14:03:13,Male,22
9011405966,2020-09-19 11:07:48,2020-09-19 11:55:25,Female,28
9011547588,2020-09-16 09:29:58,2020-09-16 11:11:54,Male,29
9011799073,2020-09-12 09:53:18,2020-09-12 12:28:29,Female,33
9011859445,2020-09-21 09:18:23,2020-09-21 11:05:40,Female,33
9011859601,2020-09-11 12:19:04,2020-09-11 12:29:21,Male,27
9011877710,2020-09-21 08:46:06,2020-09-21 09:15:26,Female,27
9011990628,2020-09-06 08:44:08,2020-09-06 09:56:29,Female,19
9012078612,2020-08-28 08:10:50,2020-08-28 08:21:00,Male,32
9012160304,2020-09-11 10:33:46,2020-09-11 12:13:30,Female,36
9012350286,2020-09-08 10:59:34,2020-09-08 13:45:00,Male,37
9012386192,2020-09-16 09:28:03,2020-09-16 10:03:45,Male,19
9012403443,2020-09-08 11:00:38,2020-09-08 13:53:23,Male,39
9012437061,2020-09-11 10:10:52,2020-09-11 11:30:01,Male,22
9012437061,2020-09-11 11:31:30,2020-09-11 14:29:21,Male,38
9012532962,2020-09-22 08:11:42,2020-09-22 10:59:23,Female,39
9012580464,2020-08-27 10:16:33,2020-08-27 12:23:26,Male,21
9012621284,2020-08-28 08:56:13,2020-08-28 10:10:26,Female,34
9012621284,2020-09-10 09:17:38,2020-09-10 11:50:47,Female,27
9012621284,2020-09-08 08:19:38,2020-09-08 09:02:16,Male,20
9012749490,2020-09-20 08:07:56,2020-09-20 10:15:18,Male,25
9012813970,2020-09-02 10:41:00,2020-09-02 12:55:03,Male,36
9012864124,2020-09-15 11:16:10,2020-09-15 12:22:04,Male,34
9012864124,2020-09-14 09:14:38,2020-09-14 10:20:51,Female,19
9012895831,2020-09-18 08:16:48,2020-09-18 09:42:04,Female,36
9012916150,2020-09-18 10:49:44,2020-09-18 12:10:07,Female,26
9012916150,2020-09-16 10:46:43,2020-09-16 12:31:59,Female,27
9013018343,2020-09-01 11:53:30,2020-09-01 14:11:53,Male,31
9013043407,2020-09-11 08:58:30,2020-09-11 11:04:24,Male,29
9013072995,2020-09-23 12:28:40,2020-09-23 12:39:09,Female,27
9013074100,2020-09-14 09:10:55,2020-09-14 11:22:18,Male,24
9013136370,2020-09-07 10:23:40,2020-09-07 12:31:06,Female,25
9013137397,2020-09-08 11:45:50,2020-09-08 13:14:36,Female,30
9013137397,2020-09-05 09:29:46,2020-09-05 10:29:32,Male,34
9013236379,2020-09-23 11:09:58,2020-09-23 12:47:43,Male,40
9013311246,2020-09-08 11:19:45,2020-09-08 14:03:03,Male,21
9013315705,2020-08-26 08:53:34,2020-08-26 09:13:37,Male,36
9013315705,2020-09-06 09:16:27,2020-09-06 09:50:57,Female,38
9013348179,2020-09-09 11:12:44,2020-09-09 12:02:47,Male,40
9013360763,2020-08-28 10:25:12,2020-08-28 13:22:54,Female,38
9013360763,2020-09-23 09:07:15,2020-09-23 11:12:43,Male,35
9013360763,2020-08-30 10:06:48,2020-08-30 12:51:06,Female,24
9014303627,2020-09-09 09:20:22,2020-09-09 09:27:07,Female,18
9014327131,2020-08-30 12:24:00,2020-08-30 15:21:44,Male,22
9014332318,2020-09-08 12:24:44,2020-09-08 14:24:42,Female,21
9014353053,2020-09-20 10:28:31,2020-09-20 12:53:51,Male,27
9000099333,2020-09-19 12:04:53,2020-09-19 14:16:19,Female,29
9000140596,2020-09-02 09:00:38,2020-09-02 09:15:12,Female,27
9000140596,2020-09-04 12:22:59,2020-09-04 13:03:43,Male,37
9000140596,2020-08-29 12:38:11,2020-08-29 15:13:26,Male,34
9000279020,2020-09-05 09:44:11,2020-09-05 12:42:21,Female,33
9000324949,2020-09-10 12:30:50,2020-09-10 15:26:52,Male,21
9000324949,2020-09-02 12:01:03,2020-09-02 13:34:53,Female,36
9000357750,2020-08-25 08:55:36,2020-08-25 11:21:01,Female,25
9000396204,2020-08-31 11:51:57,2020-08-31 12:33:36,Female,35
9000429068,2020-09-19 10:01:29,2020-09-19 11:13:05,Male,29
9000478014,2020-09-10 12:18:26,2020-09-10 13:37:45,Male,39
9000575790,2020-08-31 12:21:06,2020-08-31 14:52:03,Female,22
9000575790,2020-09-10 10:09:32,2020-09-10 10:14:17,Male,36
9000613217,2020-09-15 09:09:13,2020-09-15 11:29:52,Male,29
9000629025,2020-09-23 09:45:01,2020-09-23 10:12:30,Male,37
9000631118,2020-09-18 10:47:27,2020-09-18 12:33:33,Male,22
9000703555,2020-09-06 11:49:33,2020-09-06 13:21:32,Male,35
9000719246,2020-08-28 08:41:23,2020-08-28 10:31:38,Male,39
9000734521,2020-09-14 11:04:22,2020-09-14 11:30:49,Male,40
9000851196,2020-09-17 11:13:10,2020-09-17 11:33:47,Female,27
9000858658,2020-09-13 11:06:44,2020-09-13 12:01:39,Male,22
9000866094,2020-09-23 11:25:51,2020-09-23 12:15:36,Female,33
9000868213,2020-08-28 08:27:47,2020-08-28 09:12:12,Male,34
9000868213,2020-09-02 10:00:20,2020-09-02 10:48:10,Male,36
9000868213,2020-09-19 08:51:04,2020-09-19 11:03:24,Female,38
9000946018,2020-08-25 10:49:21,2020-08-25 11:34:42,Male,25
9000955625,2020-09-07 09:51:36,2020-09-07 10:07:21,Male,27
9000974254,2020-09-19 09:27:58,2020-09-19 09:43:09,Female,29
9000977738,2020-08-30 11:09:31,2020-08-30 12:25:54,Female,37
9001020092,2020-09-04 09:17:04,2020-09-04 11:25:18,Male,23
9001020092,2020-08-29 11:28:38,2020-08-29 13:40:47,Female,23
9001020092,2020-09-13 11:41:58,2020-09-13 13:44:26,Female,30
9001021106,2020-09-02 11:12:39,2020-09-02 13:12:31,Male,23
9001075173,2020-09-24 10:29:11,2020-09-24 11:56:11,Female,24
9001088057,2020-09-09 12:36:52,2020-09-09 13:03:58,Female,19
9001141865,2020-09-24 08:52:28,2020-09-24 10:07:44,Female,18
9001141865,2020-09-06 09:16:34,2020-09-06 09:46:33,Female,28
9001141865,2020-08-27 08:46:57,2020-08-27 11:11:34,Female,27
9001148690,2020-09-10 12:40:26,2020-09-10 15:23:27,Male,26
9001148690,2020-08-27 11:04:07,2020-08-27 13:11:06,Male,30
9001149002,2020-09-22 08:56:40,2020-09-22 10:23:32,Female,36
9001149002,2020-09-03 10:31:13,2020-09-03 12:35:14,Female,22
9001149990,2020-09-22 08:02:01,2020-09-22 09:04:23,Male,33
9001151641,2020-09-11 09:18:03,2020-09-11 11:17:15,Female,31
9001152759,2020-09-19 11:43:05,2020-09-19 13:21:20,Male,24
9001160221,2020-08-25 12:25:47,2020-08-25 15:17:02,Female,37
9001163107,2020-09-08 08:00:37,2020-09-08 08:40:53,Male,35
9001181372,2020-09-21 11:46:28,2020-09-21 12:11:10,Female,32
9001181372,2020-08-30 12:15:35,2020-08-30 15:02:13,Female,31
9001182100,2020-08-31 10:57:46,2020-08-31 11:48:41,Male,30
9001182100,2020-08-31 08:47:29,2020-08-31 10:36:04,Female,30
9001184674,2020-08-31 09:09:23,2020-08-31 10:56:17,Female,40
9001206657,2020-09-02 12:26:18,2020-09-02 14:22:23,Male,36
9001206657,2020-09-08 09:55:22,2020-09-08 11:27:11,Male,31
9001226573,2020-09-16 10:26:39,2020-09-16 13:22:41,Male,38
9001226573,2020-09-20 10:30:20,2020-09-20 11:47:55,Female,34
9001256369,2020-09-15 10:59:42,2020-09-15 11:59:39,Male,38
9001259372,2020-09-15 10:12:20,2020-09-15 12:04:58,Male,18
9001263337,2020-09-11 10:55:25,2020-09-11 13:26:33,Female,39
9001292535,2020-09-03 08:11:02,2020-09-03 10:56:24,Female,35
9001293900,2020-09-03 10:41:54,2020-09-03 10:45:06,Female,22
9001293900,2020-09-06 11:19:58,2020-09-06 12:58:11,Female,36
9001295252,2020-09-04 09:16:35,2020-09-04 10:34:05,Male,37
9001312399,2020-09-24 12:06:06,2020-09-24 12:38:26,Male,33
9001325919,2020-09-14 11:56:36,2020-09-14 12:44:12,Male,38
9001354753,2020-09-19 11:58:51,2020-09-19 13:18:07,Female,22
9001354753,2020-09-22 08:52:24,2020-09-22 09:50:47,Female,30
9001359615,2020-09-14 08:46:54,2020-09-14 09:06:57,Male,32
9001359615,2020-08-31 11:55:04,2020-08-31 12:51:13,Male,30
9001366960,2020-09-12 10:40:18,2020-09-12 13:32:22,Female,33
9001374591,2020-09-10 10:35:08,2020-09-10 13:31:49,Female,34
9001374591,2020-09-15 10:04:42,2020-09-15 11:04:50,Female,33
9001380974,2020-09-16 11:36:37,2020-09-16 14:21:47,Female,24
9001385511,2020-09-03 10:13:33,2020-09-03 12:30:30,Female,20
9001386512,2020-09-18 11:00:35,2020-09-18 13:02:42,Female,24
9001386512,2020-09-16 09:47:26,2020-09-16 11:45:00,Female,18
9001408495,2020-09-21 09:35:12,2020-09-21 12:26:49,Male,23
9001408495,2020-09-01 08:00:52,2020-09-01 09:40:39,Female,39
9001408495,2020-08-28 10:30:36,2020-08-28 10:55:14,Male,20
9001428476,2020-09-06 12:23:39,2020-09-06 14:18:30,Female,19
9001437667,2020-09-07 11:05:57,2020-09-07 11:21:13,Female,22
9001481698,2020-09-22 11:09:27,2020-09-22 13:28:36,Male,21
9001491201,2020-09-12 08:07:53,2020-09-12 10:14:36,Male,40
9001494711,2020-09-13 09:14:47,2020-09-13 09:29:09,Male,26
9001540538,2020-09-17 11:19:07,2020-09-17 14:11:13,Male,18
9001547207,2020-09-13 10:38:00,2020-09-13 11:32:16,Female,35
9001547207,2020-08-28 11:04:26,2020-08-28 11:51:52,Male,38
9001547207,2020-09-05 10:09:43,2020-09-05 12:19:07,Female,39
9001547207,2020-08-25 12:38:01,2020-08-25 13:24:07,Female,24
9001566200,2020-08-24 12:39:21,2020-08-24 13:56:10,Male,33
9001566200,2020-09-14 12:22:16,2020-09-14 13:20:30,Female,40
9001605382,2020-09-07 12:41:27,2020-09-07 14:50:42,Male,24
9001651532,2020-08-26 11:25:52,2020-08-26 14:18:26,Female,33
9001667093,2020-09-02 08:06:52,2020-09-02 09:33:39,Male,23
9001667821,2020-09-17 08:14:59,2020-09-17 09:55:02,Male,38
9001684422,2020-09-16 09:13:36,2020-09-16 10:40:17,Female,31
9001717182,2020-09-19 10:48:30,2020-09-19 13:08:33,Male,29
9001730143,2020-09-06 10:33:04,2020-09-06 10:44:53,Female,38
9001763540,2020-09-14 11:25:46,2020-09-14 14:07:19,Male,33
9001771665,2020-09-01 10:44:22,2020-09-01 10:47:55,Male,29
9001898662,2020-08-27 10:42:26,2020-08-27 12:11:53,Female,33
9001898662,2020-09-15 10:35:31,2020-09-15 11:38:13,Male,22
9001898662,2020-09-20 11:00:28,2020-09-20 13:30:00,Female,20
